slug,spdx,name,eligible,note
aws-cloudformation/iac-model-evaluation,MIT-0,MIT No Attribution,True,Permissive – clear for redistribution
aws-samples/aws-cloudformation-templates,NONE,HTTP 404,False,No/unknown licence (NONE)
awslabs/aws-cloudformation-templates,Apache-2.0,Apache License 2.0,True,Permissive – clear for redistribution
aws-samples/aws-cdk-examples,Apache-2.0,Apache License 2.0,True,Permissive – clear for redistribution
aws-quickstart/quickstart-aws-vpc,Apache-2.0,Apache License 2.0,True,Permissive – clear for redistribution
aws-quickstart/quickstart-linux-bastion,Apache-2.0,Apache License 2.0,True,Permissive – clear for redistribution
widdix/aws-cf-templates,Apache-2.0,Apache License 2.0,True,Permissive – clear for redistribution
stelligent/cloudformation_templates,MIT,MIT License,True,Permissive – clear for redistribution
GeorgeDavis/CloudFormation,NONE,HTTP 404,False,No/unknown licence (NONE)
tongueroo/cloudformation-examples,NONE,HTTP 404,False,No/unknown licence (NONE)
mikepfeiffer/cloudformation-101,NONE,HTTP 404,False,No/unknown licence (NONE)
awslabs/aws-security-benchmark,NOASSERTION,Other,False,No/unknown licence (NOASSERTION)
aws-samples/aws-security-reference-architecture-examples,NOASSERTION,Other,False,No/unknown licence (NOASSERTION)
aws-samples/serverless-patterns,NOASSERTION,Other,False,No/unknown licence (NOASSERTION)
aws-samples/amazon-ecs-fargate-examples,NONE,HTTP 404,False,No/unknown licence (NONE)
Tianyi2/IRIS,Apache-2.0,Apache License 2.0,True,Permissive – clear for redistribution
donnemartin/awesome-aws,NOASSERTION,Other,False,No/unknown licence (NOASSERTION)
aws/serverless-application-model,Apache-2.0,Apache License 2.0,True,Permissive – clear for redistribution
bridgecrewio/checkov,Apache-2.0,Apache License 2.0,True,Permissive – clear for redistribution
aws-cloudformation/aws-cloudformation-templates,Apache-2.0,Apache License 2.0,True,Permissive – clear for redistribution
cloudtools/troposphere,BSD-2-Clause,"BSD 2-Clause ""Simplified"" License",True,Permissive – clear for redistribution
aws-cloudformation/cfn-lint,MIT-0,MIT No Attribution,True,Permissive – clear for redistribution
iann0036/former2,MIT,MIT License,True,Permissive – clear for redistribution
LeanerCloud/AutoSpotting,OSL-3.0,Open Software License 3.0,False,No/unknown licence (OSL-3.0)
cdk-patterns/serverless,MIT,MIT License,True,Permissive – clear for redistribution
jorgebastida/gordon,NOASSERTION,Other,False,No/unknown licence (NOASSERTION)
aws/aws-toolkit-vscode,Apache-2.0,Apache License 2.0,True,Permissive – clear for redistribution
san089/Udacity-Data-Engineering-Projects,NOASSERTION,Other,False,No/unknown licence (NOASSERTION)
cloudkj/scar,MIT,MIT License,True,Permissive – clear for redistribution
aws-samples/ecs-refarch-cloudformation,Apache-2.0,Apache License 2.0,True,Permissive – clear for redistribution
Sceptre/sceptre,NOASSERTION,Other,False,No/unknown licence (NOASSERTION)
org-formation/org-formation-cli,MIT,MIT License,True,Permissive – clear for redistribution
iann0036/AWSConsoleRecorder,MIT,MIT License,True,Permissive – clear for redistribution
aws-cloudformation/cloudformation-guard,Apache-2.0,Apache License 2.0,True,Permissive – clear for redistribution
cloudavail/aws-missing-tools,NONE,HTTP 404,False,No/unknown licence (NONE)
stelligent/cfn_nag,MIT,MIT License,True,Permissive – clear for redistribution
ks888/LambStatus,Apache-2.0,Apache License 2.0,True,Permissive – clear for redistribution
runs-on/runs-on,MIT,MIT License,True,Permissive – clear for redistribution
aws-ia/taskcat,Apache-2.0,Apache License 2.0,True,Permissive – clear for redistribution
aws-cloudformation/cloudformation-coverage-roadmap,CC-BY-SA-4.0,Creative Commons Attribution Share Alike 4.0 International,False,No/unknown licence (CC-BY-SA-4.0)
kubernetes-retired/kube-aws,Apache-2.0,Apache License 2.0,True,Permissive – clear for redistribution
aws-samples/aws-refarch-wordpress,MIT-0,MIT No Attribution,True,Permissive – clear for redistribution
61418/aws-sso-util,Apache-2.0,Apache License 2.0,True,Permissive – clear for redistribution
ljacobsson/cfn-diagram,NONE,HTTP 404,False,No/unknown licence (NONE)
awslabs/aws-cfn-template-flip,Apache-2.0,Apache License 2.0,True,Permissive – clear for redistribution
stelligent/mu,MIT,MIT License,True,Permissive – clear for redistribution
fugue/regula,Apache-2.0,Apache License 2.0,True,Permissive – clear for redistribution
aws-cloudformation/rain,Apache-2.0,Apache License 2.0,True,Permissive – clear for redistribution
amplify-education/serverless-domain-manager,MIT,MIT License,True,Permissive – clear for redistribution
bridgecrewio/yor,Apache-2.0,Apache License 2.0,True,Permissive – clear for redistribution
awslabs/goformation,Apache-2.0,Apache License 2.0,True,Permissive – clear for redistribution
aws-samples/startup-kit-templates,Apache-2.0,Apache License 2.0,True,Permissive – clear for redistribution
HariSekhon/DevOps-Python-tools,MIT,MIT License,True,Permissive – clear for redistribution
aws-samples/aws-lex-web-ui,NOASSERTION,Other,False,No/unknown licence (NOASSERTION)
nzoschke/gofaas,Apache-2.0,Apache License 2.0,True,Permissive – clear for redistribution
awsdocs/aws-cloudformation-user-guide,NOASSERTION,Other,False,No/unknown licence (NOASSERTION)
webdigi/AWS-VPN-Server-Setup,NOASSERTION,Other,False,No/unknown licence (NOASSERTION)
cloudtools/stacker,BSD-2-Clause,"BSD 2-Clause ""Simplified"" License",True,Permissive – clear for redistribution
dawson-org/dawson-cli,GPL-3.0,GNU General Public License v3.0,True,Review NOTICE/README for dataset clause
zalando-incubator/kubernetes-on-aws,MIT,MIT License,True,Permissive – clear for redistribution
rails-lambda/lamby,MIT,MIT License,True,Permissive – clear for redistribution
aws-cloudformation/awesome-cloudformation,CC0-1.0,Creative Commons Zero v1.0 Universal,True,Permissive – clear for redistribution
nathanpeck/aws-cloudformation-fargate,Apache-2.0,Apache License 2.0,True,Permissive – clear for redistribution
DontShaveTheYak/cf2tf,GPL-3.0,GNU General Public License v3.0,True,Review NOTICE/README for dataset clause
dvassallo/aws-bootstrap,NONE,HTTP 404,False,No/unknown licence (NONE)
mikeroyal/AWS-Guide,NONE,HTTP 404,False,No/unknown licence (NONE)
supabase-community/supabase-on-aws,Apache-2.0,Apache License 2.0,True,Permissive – clear for redistribution
miztiik/AWS-Demos,NONE,HTTP 404,False,No/unknown licence (NONE)
mzazon/cloud-projects,NONE,HTTP 404,False,No/unknown licence (NONE)
aws-samples/well-architected-iac-analyzer,MIT-0,MIT No Attribution,True,Permissive – clear for redistribution
SWO-GS/auto-tag,GPL-3.0,GNU General Public License v3.0,True,Review NOTICE/README for dataset clause
aws-samples/aws-service-catalog-reference-architectures,Apache-2.0,Apache License 2.0,True,Permissive – clear for redistribution
jenkinsci/pipeline-aws-plugin,Apache-2.0,Apache License 2.0,True,Permissive – clear for redistribution
cfndsl/cfndsl,MIT,MIT License,True,Permissive – clear for redistribution
awslabs/serverless-rules,MIT-0,MIT No Attribution,True,Permissive – clear for redistribution
humanmade/cf-to-tf,NOASSERTION,Other,False,No/unknown licence (NOASSERTION)
Skyscanner/cfripper,Apache-2.0,Apache License 2.0,True,Permissive – clear for redistribution
docker-archive/ecs-plugin,Apache-2.0,Apache License 2.0,True,Permissive – clear for redistribution
aws-cloudformation/custom-resource-helper,Apache-2.0,Apache License 2.0,True,Permissive – clear for redistribution
epiresdasilva/aws-minecraft-server,Apache-2.0,Apache License 2.0,True,Permissive – clear for redistribution
aws-cloudformation/cloudformation-cli,Apache-2.0,Apache License 2.0,True,Permissive – clear for redistribution
alestic/aws-git-backed-static-website,Apache-2.0,Apache License 2.0,True,Permissive – clear for redistribution
dougmoscrop/serverless-plugin-split-stacks,NONE,HTTP 404,False,No/unknown licence (NONE)
aws-samples/aws-cognito-apigw-angular-auth,MIT-0,MIT No Attribution,True,Permissive – clear for redistribution
envato/stack_master,MIT,MIT License,True,Permissive – clear for redistribution
aws-cloudformation/cfn-lint-visual-studio-code,Apache-2.0,Apache License 2.0,True,Permissive – clear for redistribution
danilop/ServerlessByDesign,MIT,MIT License,True,Permissive – clear for redistribution
stratospheric-dev/stratospheric,Apache-2.0,Apache License 2.0,True,Permissive – clear for redistribution
aws-samples/aws-proton-cloudformation-sample-templates,MIT-0,MIT No Attribution,True,Permissive – clear for redistribution
mludvig/aws-ethereum-miner,NONE,HTTP 404,False,No/unknown licence (NONE)
aws-actions/aws-cloudformation-github-deploy,MIT,MIT License,True,Permissive – clear for redistribution
aws/aws-toolkit-eclipse,Apache-2.0,Apache License 2.0,True,Permissive – clear for redistribution
aws-samples/codepipeline-nested-cfn,MIT-0,MIT No Attribution,True,Permissive – clear for redistribution
cfn-modules/docs,Apache-2.0,Apache License 2.0,True,Permissive – clear for redistribution
rootcathacking/catspin,GPL-3.0,GNU General Public License v3.0,True,Review NOTICE/README for dataset clause
balassy/aws-lambda-typescript,MIT,MIT License,True,Permissive – clear for redistribution
aws/aws-toolkit-azure-devops,NOASSERTION,Other,False,No/unknown licence (NOASSERTION)
awslabs/deeplearning-cfn,NOASSERTION,Other,False,No/unknown licence (NOASSERTION)
zalando-incubator/cluster-lifecycle-manager,MIT,MIT License,True,Permissive – clear for redistribution
appvia/terranetes-controller,GPL-2.0,GNU General Public License v2.0,True,Review NOTICE/README for dataset clause
amazon-archives/golang-deployment-pipeline,Apache-2.0,Apache License 2.0,True,Permissive – clear for redistribution
srcecde/aws-tutorial-code,MIT,MIT License,True,Permissive – clear for redistribution
1Strategy/fargate-cloudformation-example,Apache-2.0,Apache License 2.0,True,Permissive – clear for redistribution
widdix/learn-cloudformation,MIT,MIT License,True,Permissive – clear for redistribution
awslabs/aws-refarch-cross-account-pipeline,NONE,HTTP 404,False,No/unknown licence (NONE)
jpsim/AWSPics,MIT,MIT License,True,Permissive – clear for redistribution
heptio/aws-quickstart,Apache-2.0,Apache License 2.0,True,Permissive – clear for redistribution
svdgraaf/serverless-pseudo-parameters,MIT,MIT License,True,Permissive – clear for redistribution
ravsau/aws-labs,NONE,HTTP 404,False,No/unknown licence (NONE)
Bayer-Group/cloudformation-template-generator,BSD-3-Clause,"BSD 3-Clause ""New"" or ""Revised"" License",True,Permissive – clear for redistribution
andresionek91/airflow-autoscaling-ecs,MIT,MIT License,True,Permissive – clear for redistribution
peterkh/cumulus,NOASSERTION,Other,False,No/unknown licence (NOASSERTION)
nathanpeck/ecs-cloudformation,NONE,HTTP 404,False,No/unknown licence (NONE)
threadheap/serverless-ide-vscode,NONE,HTTP 404,False,No/unknown licence (NONE)
ACloudGuru/intro-to-CloudFormation_AC,GPL-3.0,GNU General Public License v3.0,True,Review NOTICE/README for dataset clause
aws-samples/aws-cdk-project-template-for-devops,MIT-0,MIT No Attribution,True,Permissive – clear for redistribution
rackspace/runway,Apache-2.0,Apache License 2.0,True,Permissive – clear for redistribution
aws-samples/serverless-data-analytics,Apache-2.0,Apache License 2.0,True,Permissive – clear for redistribution
pplu/aws-sdk-perl,NOASSERTION,Other,False,No/unknown licence (NOASSERTION)
aws-samples/emr-serverless-samples,MIT-0,MIT No Attribution,True,Permissive – clear for redistribution
dubrowin/AWS-Reasonable-Account-Defaults,NONE,HTTP 404,False,No/unknown licence (NONE)
mbj/stratosphere,MIT,MIT License,True,Permissive – clear for redistribution
kickstarter/cfn-flow,NONE,HTTP 404,False,No/unknown licence (NONE)
aeksco/aws-pdf-textract-pipeline,MIT,MIT License,True,Permissive – clear for redistribution
awslabs/aws-service-catalog-products,MIT-0,MIT No Attribution,True,Permissive – clear for redistribution
aws-samples/aws-sagemaker-build,Apache-2.0,Apache License 2.0,True,Permissive – clear for redistribution
martysweet/cfn-lint,MIT,MIT License,True,Permissive – clear for redistribution
fourTheorem/slic-watch,Apache-2.0,Apache License 2.0,True,Permissive – clear for redistribution
awslabs/aws-cloudformation-template-formatter,Apache-2.0,Apache License 2.0,True,Permissive – clear for redistribution
stelligent/devops-essentials,MIT,MIT License,True,Permissive – clear for redistribution
aws-samples/cfn101-workshop,MIT-0,MIT No Attribution,True,Permissive – clear for redistribution
bright/cloudform,MIT,MIT License,True,Permissive – clear for redistribution
TastefulElk/iam-legend,MIT,MIT License,True,Permissive – clear for redistribution
dumrauf/serverless_static_website_with_basic_auth,MIT,MIT License,True,Permissive – clear for redistribution
SumoLogic/sumologic-aws-lambda,NOASSERTION,Other,False,No/unknown licence (NOASSERTION)
sbstjn/serverless-dynamodb-autoscaling,MIT,MIT License,True,Permissive – clear for redistribution
aws-cloudformation/cfn-language-discussion,Apache-2.0,Apache License 2.0,True,Permissive – clear for redistribution
umotif-public/terraform-aws-waf-webaclv2,NOASSERTION,Other,False,No/unknown licence (NOASSERTION)
MyEtherWallet/docker-geth-lb,MIT,MIT License,True,Permissive – clear for redistribution
awslabs/aws-cloudformation-iam-policy-validator,MIT-0,MIT No Attribution,True,Permissive – clear for redistribution
aws-cloudformation/aws-cloudformation-samples,Apache-2.0,Apache License 2.0,True,Permissive – clear for redistribution
aws-samples/aws-iam-access-key-auto-rotation,MIT-0,MIT No Attribution,True,Permissive – clear for redistribution
arminhammer/bellerophon,Apache-2.0,Apache License 2.0,True,Permissive – clear for redistribution
aws-cloudformation/cloudformation-template-schema,Apache-2.0,Apache License 2.0,True,Permissive – clear for redistribution
binxio/cfn-secret-provider,Apache-2.0,Apache License 2.0,True,Permissive – clear for redistribution
binxio/cfn-certificate-provider,Apache-2.0,Apache License 2.0,True,Permissive – clear for redistribution
aws-samples/sagemaker-run-notebook,Apache-2.0,Apache License 2.0,True,Permissive – clear for redistribution
vatertime/minecraft-spot-pricing,MIT,MIT License,True,Permissive – clear for redistribution
aws-solutions-library-samples/data-transfer-hub,MIT-0,MIT No Attribution,True,Permissive – clear for redistribution
aws-cloudformation/aws-guard-rules-registry,Apache-2.0,Apache License 2.0,True,Permissive – clear for redistribution
sergej-brazdeikis/cloudformation-s3-static-website-with-cloudfront-and-route-53,MIT,MIT License,True,Permissive – clear for redistribution
aws-samples/amazon-eks-refarch-cloudformation,Apache-2.0,Apache License 2.0,True,Permissive – clear for redistribution
aws-samples/aws-service-catalog-terraform-reference-architecture,Apache-2.0,Apache License 2.0,True,Permissive – clear for redistribution
aws-samples/aws-media-services-vod-automation,Apache-2.0,Apache License 2.0,True,Permissive – clear for redistribution
rogerwelin/cfnctl,Apache-2.0,Apache License 2.0,True,Permissive – clear for redistribution
awslabs/aws-cloudformation-template-builder,Apache-2.0,Apache License 2.0,True,Permissive – clear for redistribution
shalupov/idea-cloudformation,Apache-2.0,Apache License 2.0,True,Permissive – clear for redistribution
widdix/mastodon-on-aws,NONE,HTTP 404,False,No/unknown licence (NONE)
aws-samples/reactive-refarch-cloudformation,Apache-2.0,Apache License 2.0,True,Permissive – clear for redistribution
HoraceShmorace/Image-Flex,NOASSERTION,Other,False,No/unknown licence (NOASSERTION)
kumogata/kumogata,MIT,MIT License,True,Permissive – clear for redistribution
cloud-foundations-on-aws/cloud-foundations-templates,MIT-0,MIT No Attribution,True,Permissive – clear for redistribution
mathworks-ref-arch/matlab-on-aws,NOASSERTION,Other,False,No/unknown licence (NOASSERTION)
sampointer/dy,GPL-3.0,GNU General Public License v3.0,True,Review NOTICE/README for dataset clause
stelligent/cloudformation-custom-resources,MIT,MIT License,True,Permissive – clear for redistribution
aws-samples/amazon-mwaa-examples,MIT-0,MIT No Attribution,True,Permissive – clear for redistribution
wh211212/awesome-cloudnative,MIT,MIT License,True,Permissive – clear for redistribution
aws-samples/aws-refarch-drupal,MIT-0,MIT No Attribution,True,Permissive – clear for redistribution
alpersonalwebsite/cloudformation,NONE,HTTP 404,False,No/unknown licence (NONE)
jakebark/tag-nag,MIT,MIT License,True,Permissive – clear for redistribution
F5Networks/f5-aws-cloudformation,NONE,HTTP 404,False,No/unknown licence (NONE)
li0nel/laravelaws,NONE,HTTP 404,False,No/unknown licence (NONE)
iann0036/aws-leastprivilege,MIT,MIT License,True,Permissive – clear for redistribution
PacktPublishing/Hands-On-Serverless-Applications-with-Go,MIT,MIT License,True,Permissive – clear for redistribution
JamesWoolfenden/sato,Apache-2.0,Apache License 2.0,True,Permissive – clear for redistribution
awslabs/aws-multi-account-viewer,MIT-0,MIT No Attribution,True,Permissive – clear for redistribution
iam-veeramalla/aws-infra-pipeline,NONE,HTTP 404,False,No/unknown licence (NONE)
stacksimplify/aws-cloudformation-simplified,NONE,HTTP 404,False,No/unknown licence (NONE)
aws-cloudformation/cloudformation-cli-python-plugin,Apache-2.0,Apache License 2.0,True,Permissive – clear for redistribution
rosberglinhares/CloudFormationCognitoCustomResources,MIT,MIT License,True,Permissive – clear for redistribution
natonic/CloudFormation-Deep-Dive,NONE,HTTP 404,False,No/unknown licence (NONE)
mattray/inspec-iggy,Apache-2.0,Apache License 2.0,True,Permissive – clear for redistribution
amazon-archives/samljs-serverless-sample,NOASSERTION,Other,False,No/unknown licence (NOASSERTION)
amazon-gamelift/amazon-gamelift-plugin-unity,Apache-2.0,Apache License 2.0,True,Permissive – clear for redistribution
LambdaSharp/LambdaSharpTool,NOASSERTION,Other,False,No/unknown licence (NOASSERTION)
crewjam/go-cloudformation,BSD-2-Clause,"BSD 2-Clause ""Simplified"" License",True,Permissive – clear for redistribution
aws-samples/communication-developer-services-reference-architectures,MIT-0,MIT No Attribution,True,Permissive – clear for redistribution
udondan/cfn-teleport,Apache-2.0,Apache License 2.0,True,Permissive – clear for redistribution
pahud/ecs-cfn-refarch,NONE,HTTP 404,False,No/unknown licence (NONE)
dejonghe/aws-batch-example,MIT,MIT License,True,Permissive – clear for redistribution
linki/cloudformation-operator,MIT,MIT License,True,Permissive – clear for redistribution
go-furnace/go-furnace,MIT,MIT License,True,Permissive – clear for redistribution
bridgecrewio/cfngoat,NONE,HTTP 404,False,No/unknown licence (NONE)
udondan/cdk-ec2-key-pair,Apache-2.0,Apache License 2.0,True,Permissive – clear for redistribution
beaknit/cform,Apache-2.0,Apache License 2.0,True,Permissive – clear for redistribution
zalando-stups/senza,NOASSERTION,Other,False,No/unknown licence (NOASSERTION)
realestate-com-au/stackup,MIT,MIT License,True,Permissive – clear for redistribution
aws-samples/aws-hpc-recipes,MIT-0,MIT No Attribution,True,Permissive – clear for redistribution
aws-cloudformation/cloudformation-resource-schema,Apache-2.0,Apache License 2.0,True,Permissive – clear for redistribution
devteds/e9-cloudformation-docker-ecs,NONE,HTTP 404,False,No/unknown licence (NONE)
rewindio/aws-security-hub-CIS-metrics,MIT,MIT License,True,Permissive – clear for redistribution
org-formation/org-formation-reference,NONE,HTTP 404,False,No/unknown licence (NONE)
go-to-k/cdkd,Apache-2.0,Apache License 2.0,True,Permissive – clear for redistribution
pahud/cdk-remote-stack,Apache-2.0,Apache License 2.0,True,Permissive – clear for redistribution
awslabs/serverless-automated-ui-testing,NONE,HTTP 404,False,No/unknown licence (NONE)
sbstjn/serverless-stack-output,MIT,MIT License,True,Permissive – clear for redistribution
go-to-k/delstack,MIT,MIT License,True,Permissive – clear for redistribution
seanedwards/cfer,MIT,MIT License,True,Permissive – clear for redistribution
carlnordenfelt/aws-api-gateway-for-cloudformation,MIT,MIT License,True,Permissive – clear for redistribution
Appliscale/perun,Apache-2.0,Apache License 2.0,True,Permissive – clear for redistribution
daidokoro/qaz,Apache-2.0,Apache License 2.0,True,Permissive – clear for redistribution
awslabs/aws-iot-certificate-vending-machine,NONE,HTTP 404,False,No/unknown licence (NONE)
juliensimon/aws,NONE,HTTP 404,False,No/unknown licence (NONE)
elgohr/go-localstack,Apache-2.0,Apache License 2.0,True,Permissive – clear for redistribution
aws-samples/aws-aurora-cloudformation-samples,Apache-2.0,Apache License 2.0,True,Permissive – clear for redistribution
aws-samples/observability-with-amazon-opensearch,NONE,HTTP 404,False,No/unknown licence (NONE)
alexcasalboni/serverless-data-pipeline-sam,Apache-2.0,Apache License 2.0,True,Permissive – clear for redistribution
s0enke/cloudformation-templates,MIT,MIT License,True,Permissive – clear for redistribution
nfscan/nfscan,MIT,MIT License,True,Permissive – clear for redistribution
monken/cfn-include,MIT,MIT License,True,Permissive – clear for redistribution
aws-scripting-guy/cform-VSCode,NONE,HTTP 404,False,No/unknown licence (NONE)
marceldegraaf/blog-coreos-1,NONE,HTTP 404,False,No/unknown licence (NONE)
cfn-sphere/cfn-sphere,Apache-2.0,Apache License 2.0,True,Permissive – clear for redistribution
harsh-vardhhan/EHR-backend,MIT,MIT License,True,Permissive – clear for redistribution
rileydakota/valheim-ecs-fargate-cdk,NONE,HTTP 404,False,No/unknown licence (NONE)
Signiant/CruiseControl,MIT,MIT License,True,Permissive – clear for redistribution
aws-solutions-library-samples/cloud-intelligence-dashboards-data-collection,Apache-2.0,Apache License 2.0,True,Permissive – clear for redistribution
sqlxpert/lights-off-aws,GPL-3.0,GNU General Public License v3.0,True,Review NOTICE/README for dataset clause
Giftbit/sam-scaffold,Apache-2.0,Apache License 2.0,True,Permissive – clear for redistribution
jfrog/JFrog-Cloud-Installers,Apache-2.0,Apache License 2.0,True,Permissive – clear for redistribution
aws-cloudformation/aws-cloudformation-macros,Apache-2.0,Apache License 2.0,True,Permissive – clear for redistribution
andrew-templeton/cfn-lambda,MIT,MIT License,True,Permissive – clear for redistribution
ljacobsson/samp-cli,NONE,HTTP 404,False,No/unknown licence (NONE)
aws-cloudformation/aws-cloudformation-resource-providers-awsutilities-commandrunner,Apache-2.0,Apache License 2.0,True,Permissive – clear for redistribution
Amey-Thakur/AWS-CERTIFIED-CLOUD-PRACTITIONER-CLF-C01,CC-BY-4.0,Creative Commons Attribution 4.0 International,False,No/unknown licence (CC-BY-4.0)
yarbsemaj/sveltekit-adapter-lambda,MIT,MIT License,True,Permissive – clear for redistribution
clouddrove/cloudformation-aws-landing-zone,NONE,HTTP 404,False,No/unknown licence (NONE)
LouisvilleMetro/WazeCCPProcessor,MIT,MIT License,True,Permissive – clear for redistribution
aws-samples/aws-cloudformation-advanced-reinvent-2018,MIT-0,MIT No Attribution,True,Permissive – clear for redistribution
amazon-archives/aws-serverless-ember,MIT-0,MIT No Attribution,True,Permissive – clear for redistribution
aws-quickstart/quickstart-taskcat-ci,Apache-2.0,Apache License 2.0,True,Permissive – clear for redistribution
ScottBrenner/cfn-lint-action,MIT,MIT License,True,Permissive – clear for redistribution
aws-samples/amazon-aurora-labs-for-mysql,NONE,HTTP 404,False,No/unknown licence (NONE)
mbabineau/cloudformation-zookeeper,NOASSERTION,Other,False,No/unknown licence (NOASSERTION)
vanderbilt-redcap/redcap-aws-cloudformation,NONE,HTTP 404,False,No/unknown licence (NONE)
mbabineau/cloudformation-mesos,NOASSERTION,Other,False,No/unknown licence (NOASSERTION)
brabster/crucible,EPL-1.0,Eclipse Public License 1.0,False,No/unknown licence (EPL-1.0)
mapbox/cloudfriend,ISC,ISC License,True,Permissive – clear for redistribution
codergogoi/nodejs-sls-master-class.io,NONE,HTTP 404,False,No/unknown licence (NONE)
aws-samples/vpn-gateway-strongswan,Apache-2.0,Apache License 2.0,True,Permissive – clear for redistribution
aws-samples/aws-cidr-finder,Apache-2.0,Apache License 2.0,True,Permissive – clear for redistribution
bridgecrewio/checkov-vscode,Apache-2.0,Apache License 2.0,True,Permissive – clear for redistribution
miguelgrinberg/slam,MIT,MIT License,True,Permissive – clear for redistribution
jeshan/cloudformation-checklist,CC0-1.0,Creative Commons Zero v1.0 Universal,True,Permissive – clear for redistribution
briancaffey/django-postgres-vue-gitlab-ecs,MIT,MIT License,True,Permissive – clear for redistribution
PacktPublishing/Mastering-AWS-CloudFormation,MIT,MIT License,True,Permissive – clear for redistribution
ryansb/cfn-wrapper-python,MIT,MIT License,True,Permissive – clear for redistribution
marbot-io/monitoring-jump-start,Apache-2.0,Apache License 2.0,True,Permissive – clear for redistribution
aws-samples/aws-batch-processing-job-repo,MIT-0,MIT No Attribution,True,Permissive – clear for redistribution
rvedotrc/aws-cloudformation-stack-states,NONE,HTTP 404,False,No/unknown licence (NONE)
amazon-gamelift/amazon-gamelift-plugin-unreal,Apache-2.0,Apache License 2.0,True,Permissive – clear for redistribution
ytausch/serverless-discord-bot,MIT,MIT License,True,Permissive – clear for redistribution
thefactory/cloudformation-jenkins,MIT,MIT License,True,Permissive – clear for redistribution
alestic/aws-cloudformation-stack-status,Apache-2.0,Apache License 2.0,True,Permissive – clear for redistribution
cdklabs/cdk-from-cfn,Apache-2.0,Apache License 2.0,True,Permissive – clear for redistribution
aws-solutions/real-time-web-analytics-with-kinesis,NOASSERTION,Other,False,No/unknown licence (NOASSERTION)
mongodb/mongodbatlas-cloudformation-resources,Apache-2.0,Apache License 2.0,True,Permissive – clear for redistribution
outerbounds/metaflow-tools,NONE,HTTP 404,False,No/unknown licence (NONE)
lroguet/amzn-cloudformation,NONE,HTTP 404,False,No/unknown licence (NONE)
cdklabs/cdk-cloudformation,Apache-2.0,Apache License 2.0,True,Permissive – clear for redistribution
aws-solutions/real-time-iot-device-monitoring-with-kinesis,NOASSERTION,Other,False,No/unknown licence (NOASSERTION)
aws-samples/cloudwatch-dashboards-cloudformation-sample,Apache-2.0,Apache License 2.0,True,Permissive – clear for redistribution
linuxacademy/eks-deep-dive-2019,NONE,HTTP 404,False,No/unknown licence (NONE)
Kong/kong-dist-cloudformation,NONE,HTTP 404,False,No/unknown licence (NONE)
cat-box/aws-foundry-ssl,GPL-2.0,GNU General Public License v2.0,True,Review NOTICE/README for dataset clause
awslabs/aws-systems-manager-document-generator,Apache-2.0,Apache License 2.0,True,Permissive – clear for redistribution
japan-d2/secure-stack-template-aws,MIT,MIT License,True,Permissive – clear for redistribution
netbears/traefik-cluster-ecs,Apache-2.0,Apache License 2.0,True,Permissive – clear for redistribution
theserverlessway/formica,MIT,MIT License,True,Permissive – clear for redistribution
desoleio/collector-backend,MIT,MIT License,True,Permissive – clear for redistribution
dennyzhang/challenges-cloudformation-jenkins,NONE,HTTP 404,False,No/unknown licence (NONE)
PatMyron/cloud,NONE,HTTP 404,False,No/unknown licence (NONE)
towardsthecloud/aws-cdk-examples,Apache-2.0,Apache License 2.0,True,Permissive – clear for redistribution
Rungutan/sentry-fargate-cf-stack,Apache-2.0,Apache License 2.0,True,Permissive – clear for redistribution
bogdanticu88/threatmap,MIT,MIT License,True,Permissive – clear for redistribution
amazon-archives/cloudformation-validation-pipeline,NOASSERTION,Other,False,No/unknown licence (NOASSERTION)
amazon-archives/ai-driven-social-media-dashboard,MIT-0,MIT No Attribution,True,Permissive – clear for redistribution
wheatstalk/cdk-intrinsic-validator,Apache-2.0,Apache License 2.0,True,Permissive – clear for redistribution
jimrazmus/c7n-policies,MIT,MIT License,True,Permissive – clear for redistribution
aws-samples/amazon-ec2-nice-dcv-samples,MIT-0,MIT No Attribution,True,Permissive – clear for redistribution
awslabs/clencli,Apache-2.0,Apache License 2.0,True,Permissive – clear for redistribution
Kotaimen/awscfncli,MIT,MIT License,True,Permissive – clear for redistribution
DontShaveTheYak/cloud-radar,Apache-2.0,Apache License 2.0,True,Permissive – clear for redistribution
iann0036/cfn-tf-custom-types,MIT,MIT License,True,Permissive – clear for redistribution
mbabineau/cloudformation-docker-registry,NOASSERTION,Other,False,No/unknown licence (NOASSERTION)
cdklabs/cdk-import,Apache-2.0,Apache License 2.0,True,Permissive – clear for redistribution
kanitvural/aws-data-science-data-engineering-mlops-infra,MIT,MIT License,True,Permissive – clear for redistribution
trek10inc/cloudformation-graph,MIT,MIT License,True,Permissive – clear for redistribution
SonarSource/sonar-iac,NOASSERTION,Other,False,No/unknown licence (NOASSERTION)
kddnewton/humidifier,MIT,MIT License,True,Permissive – clear for redistribution
inceptionstack/lowkey,Apache-2.0,Apache License 2.0,True,Permissive – clear for redistribution
linuxacademy/ecs-deep-dive-2018,NONE,HTTP 404,False,No/unknown licence (NONE)
widdix/cfn-create-or-update,MIT,MIT License,True,Permissive – clear for redistribution
DataDog/datadog-cloudformation-resources,Apache-2.0,Apache License 2.0,True,Permissive – clear for redistribution
jcolemorrison/cloudfoundation,NONE,HTTP 404,False,No/unknown licence (NONE)
awslabs/aws-cloudformation-controller-for-flux,MIT-0,MIT No Attribution,True,Permissive – clear for redistribution
aws-samples/aws-scalable-big-blue-button-example,MIT-0,MIT No Attribution,True,Permissive – clear for redistribution
EverythingMe/rainbow,NOASSERTION,Other,False,No/unknown licence (NOASSERTION)
aws-samples/amazon-ivs-simple-chat-web-demo,MIT-0,MIT No Attribution,True,Permissive – clear for redistribution
aquasecurity/cfsec,MIT,MIT License,True,Permissive – clear for redistribution
AlisProject/serverless-application,NONE,HTTP 404,False,No/unknown licence (NONE)
unbounce/iidy,MIT,MIT License,True,Permissive – clear for redistribution
ZoccoCss/kalisoc,GPL-3.0,GNU General Public License v3.0,True,Review NOTICE/README for dataset clause
flippyhead/admiral,MIT,MIT License,True,Permissive – clear for redistribution
iriusrisk/startleft,Apache-2.0,Apache License 2.0,True,Permissive – clear for redistribution
The-Swarm-Corporation/swarms-cloud,MIT,MIT License,True,Permissive – clear for redistribution
aws-cloudformation/cloudformation-cli-go-plugin,NONE,HTTP 404,False,No/unknown licence (NONE)
trek10inc/serverless-cloudformation-changesets,MIT,MIT License,True,Permissive – clear for redistribution
ulich/cloudformation-to-terraform-migration,NONE,HTTP 404,False,No/unknown licence (NONE)
mapbox/cfn-config,BSD-2-Clause,"BSD 2-Clause ""Simplified"" License",True,Permissive – clear for redistribution
cdklabs/cdk-drift-monitor,Apache-2.0,Apache License 2.0,True,Permissive – clear for redistribution
awslabs/aws-lambda-security-controls,NONE,HTTP 404,False,No/unknown licence (NONE)
glassechidna/ssmcfn,NONE,HTTP 404,False,No/unknown licence (NONE)
AnomalyInnovations/serverless-stack-demo-mono-api,MIT,MIT License,True,Permissive – clear for redistribution
javonn13/AWS-Basic-for-Beginners,NONE,HTTP 404,False,No/unknown licence (NONE)
thestackshack/cim,MIT,MIT License,True,Permissive – clear for redistribution
sbstjn/go-lambda-example,NONE,HTTP 404,False,No/unknown licence (NONE)
thomasstep/aws-cloudformation-reference,NONE,HTTP 404,False,No/unknown licence (NONE)
aws-samples/aws-cloudformation-validator,Apache-2.0,Apache License 2.0,True,Permissive – clear for redistribution
neo4j-contrib/ec2neo,NONE,HTTP 404,False,No/unknown licence (NONE)
aws-samples/aws-pipeline-to-service-catalog,MIT-0,MIT No Attribution,True,Permissive – clear for redistribution
aws-cloudformation/resource-providers-list,NONE,HTTP 404,False,No/unknown licence (NONE)
jorgebastida/cfn-response,BSD-3-Clause,"BSD 3-Clause ""New"" or ""Revised"" License",True,Permissive – clear for redistribution
franzwong/cognito-s3-cloudformation-example,NONE,HTTP 404,False,No/unknown licence (NONE)
rpidanny/Nietzsche,MIT,MIT License,True,Permissive – clear for redistribution
medmunds/aws-cfn-ses-domain,Apache-2.0,Apache License 2.0,True,Permissive – clear for redistribution
ACloudGuru-Resources/course-mastering-aws-cloudformation,NONE,HTTP 404,False,No/unknown licence (NONE)
Bayer-Group/stax,NOASSERTION,Other,False,No/unknown licence (NOASSERTION)
aws-samples/amazon-cloudwatch-log-centralizer,MIT-0,MIT No Attribution,True,Permissive – clear for redistribution
iRobotCorporation/cfn-custom-resource,MPL-2.0,Mozilla Public License 2.0,True,Permissive – clear for redistribution
boltops-tools/lono,Apache-2.0,Apache License 2.0,True,Permissive – clear for redistribution
philippemerle/AWS-CloudFormation-Diagrams,Apache-2.0,Apache License 2.0,True,Permissive – clear for redistribution
dflook/cloudformation-dns-certificate,MIT,MIT License,True,Permissive – clear for redistribution
CloudSnorkel/CloudWatch2S3,MIT,MIT License,True,Permissive – clear for redistribution
kumogata/kumogata2,MIT,MIT License,True,Permissive – clear for redistribution
didier-durand/lambda-cobol,Apache-2.0,Apache License 2.0,True,Permissive – clear for redistribution
tehsmyers/cfn-pyplates,MIT,MIT License,True,Permissive – clear for redistribution
aws-samples/aws-transit-gateway-attachment-automation,MIT-0,MIT No Attribution,True,Permissive – clear for redistribution
lifebeyondfife/simple-static-website,MIT,MIT License,True,Permissive – clear for redistribution
aws-samples/fargate-game-servers,MIT-0,MIT No Attribution,True,Permissive – clear for redistribution
lifadev-archive/ingraph,AGPL-3.0,GNU Affero General Public License v3.0,True,Review NOTICE/README for dataset clause
SCRT-HQ/VaporShell,Apache-2.0,Apache License 2.0,True,Permissive – clear for redistribution
jaredtrog/cfplot,Apache-2.0,Apache License 2.0,True,Permissive – clear for redistribution
aws-cloudformation/aws-cloudformation-resource-providers-cloudformation,NONE,HTTP 404,False,No/unknown licence (NONE)
saha-rajdeep/cloudformation-demo,NONE,HTTP 404,False,No/unknown licence (NONE)
binxio/cfn-ses-provider,Apache-2.0,Apache License 2.0,True,Permissive – clear for redistribution
jpbarto/private-eks-cluster,MIT,MIT License,True,Permissive – clear for redistribution
0x4447/0x4447-cli-node-grapes,MIT,MIT License,True,Permissive – clear for redistribution
aws-solutions-library-samples/guidance-for-automating-network-monitoring-and-alerting-on-aws,MIT-0,MIT No Attribution,True,Permissive – clear for redistribution
widdix/aws-cf-templates-cli,Apache-2.0,Apache License 2.0,True,Permissive – clear for redistribution
nikhilkumarsingh/serverless-rest-api,NONE,HTTP 404,False,No/unknown licence (NONE)
bridgecrewio/cdkgoat,Apache-2.0,Apache License 2.0,True,Permissive – clear for redistribution
TobiahRex/E-commerce-Serverless,NONE,HTTP 404,False,No/unknown licence (NONE)
jennapederson/cloudformation-examples,MIT,MIT License,True,Permissive – clear for redistribution
DataDog/cloudformation-template,Apache-2.0,Apache License 2.0,True,Permissive – clear for redistribution
alexgibs/cfnstyle,MIT,MIT License,True,Permissive – clear for redistribution
dacort/modern-data-lake-storage-layers,CC0-1.0,Creative Commons Zero v1.0 Universal,True,Permissive – clear for redistribution
aws-samples/aws-devops-pipeline-accelerator,MIT-0,MIT No Attribution,True,Permissive – clear for redistribution
awslabs/aws-cfn-control,Apache-2.0,Apache License 2.0,True,Permissive – clear for redistribution
metaphor-cloud/aws-unifi-controller,NONE,HTTP 404,False,No/unknown licence (NONE)
jakejscott/Humidifier,BSD-2-Clause,"BSD 2-Clause ""Simplified"" License",True,Permissive – clear for redistribution
aws-cloudformation/cloudformation-cli-typescript-plugin,Apache-2.0,Apache License 2.0,True,Permissive – clear for redistribution
aws-samples/aws-cloudformation-starter-workflow-for-github-actions,MIT-0,MIT No Attribution,True,Permissive – clear for redistribution
mattupstate/vpc-consul,NONE,HTTP 404,False,No/unknown licence (NONE)
go-to-k/cdk-local,Apache-2.0,Apache License 2.0,True,Permissive – clear for redistribution
aws-samples/aws-glue-cdk-cicd,MIT-0,MIT No Attribution,True,Permissive – clear for redistribution
3p3r/cdk-web,MIT,MIT License,True,Permissive – clear for redistribution
cloudposse/terraform-aws-cloudformation-stack,Apache-2.0,Apache License 2.0,True,Permissive – clear for redistribution
bonusbits/cloudformation_templates,NONE,HTTP 404,False,No/unknown licence (NONE)
wazuh/wazuh-cloudformation,NONE,HTTP 404,False,No/unknown licence (NONE)
ryansb/acm-certs-cloudformation,MIT,MIT License,True,Permissive – clear for redistribution
aws-samples/cdk-bootstrapless-synthesizer,Apache-2.0,Apache License 2.0,True,Permissive – clear for redistribution
awslabs/amazon-managed-blockchain-client-templates,MIT-0,MIT No Attribution,True,Permissive – clear for redistribution
SungardAS/condensation,Apache-2.0,Apache License 2.0,True,Permissive – clear for redistribution
shinesolutions/aem-aws-stack-builder,Apache-2.0,Apache License 2.0,True,Permissive – clear for redistribution
thefactory/cloudformation-mesos,NONE,HTTP 404,False,No/unknown licence (NONE)
AOEpeople/StackFormation,NOASSERTION,Other,False,No/unknown licence (NOASSERTION)
widdix/aws-cf-checker,MIT,MIT License,True,Permissive – clear for redistribution
chialab/aws-autoscaling-gitlab-runner,MIT,MIT License,True,Permissive – clear for redistribution
fortinetsolutions/AWS-CloudFormationTemplates,NONE,HTTP 404,False,No/unknown licence (NONE)
thefactory/cloudformation-zookeeper,NONE,HTTP 404,False,No/unknown licence (NONE)
brianterry/unicorn-maker,MIT,MIT License,True,Permissive – clear for redistribution
skulltech/shorty.sls,MIT,MIT License,True,Permissive – clear for redistribution
AutohostAI/meeting-notes,MPL-2.0,Mozilla Public License 2.0,True,Permissive – clear for redistribution
jeshan/scale-your-cloudformation,NONE,HTTP 404,False,No/unknown licence (NONE)
markitx/cloud-formation-templates,MIT,MIT License,True,Permissive – clear for redistribution
cytopia/ansible-role-cloudformation,MIT,MIT License,True,Permissive – clear for redistribution
cfstacks/stacks,MIT,MIT License,True,Permissive – clear for redistribution
rbalman/cfn-compose,MIT,MIT License,True,Permissive – clear for redistribution
danilop/evolutionary-serverless-architectures-with-safe-deployments,Apache-2.0,Apache License 2.0,True,Permissive – clear for redistribution
nadav96/rocketsam,MIT,MIT License,True,Permissive – clear for redistribution
awslabs/aws-customer-churn-pipeline,MIT-0,MIT No Attribution,True,Permissive – clear for redistribution
rapid7/convection,MIT,MIT License,True,Permissive – clear for redistribution
clouddrove/github-shared-workflows,Apache-2.0,Apache License 2.0,True,Permissive – clear for redistribution
wolfgangunger/aws-advanced,MIT,MIT License,True,Permissive – clear for redistribution
kunday/cloudformer,MIT,MIT License,True,Permissive – clear for redistribution
aperswal/CloudFormation_To_Terraform,NONE,HTTP 404,False,No/unknown licence (NONE)
humilis/humilis,NOASSERTION,Other,False,No/unknown licence (NOASSERTION)
megaproaktiv/cdk2d2,Apache-2.0,Apache License 2.0,True,Permissive – clear for redistribution
takomo-io/takomo,MIT,MIT License,True,Permissive – clear for redistribution
getcft/aws-serverless-code-pipeline-cf-template,Apache-2.0,Apache License 2.0,True,Permissive – clear for redistribution
fortinet/aws-cloudformation-templates,MIT,MIT License,True,Permissive – clear for redistribution
thestacks-io/eks-cluster,MIT,MIT License,True,Permissive – clear for redistribution
HighPoint/opencv-background-removal-on-aws-lambda,MIT,MIT License,True,Permissive – clear for redistribution
weaveworks/kubernetes-ami,Apache-2.0,Apache License 2.0,True,Permissive – clear for redistribution
cevoaustralia/cfn-identity-provider,MIT,MIT License,True,Permissive – clear for redistribution
laser/cloudformation-fargate-codepipeline-ecs-refarch,MIT,MIT License,True,Permissive – clear for redistribution
thefactory/cloudformation-docker-registry,NONE,HTTP 404,False,No/unknown licence (NONE)
stelligent/cfn-leaprog,MIT,MIT License,True,Permissive – clear for redistribution
FreckleIOT/ecs-airflow,MIT,MIT License,True,Permissive – clear for redistribution
LifeWay/CloudGenesis,Apache-2.0,Apache License 2.0,True,Permissive – clear for redistribution
s045pd/AntiCloudFlare,NONE,HTTP 404,False,No/unknown licence (NONE)
speee/webapp-revieee,MIT,MIT License,True,Permissive – clear for redistribution
devstructure/python-cloudformation,NOASSERTION,Other,False,No/unknown licence (NOASSERTION)
buildkite/cloudformation-launch-stack-button-svg,MIT,MIT License,True,Permissive – clear for redistribution
lucioveloso/cli2cloudformation,Apache-2.0,Apache License 2.0,True,Permissive – clear for redistribution
milancermak/lambda-pipeline,MIT,MIT License,True,Permissive – clear for redistribution
aws-samples/aws-backup-automation,MIT-0,MIT No Attribution,True,Permissive – clear for redistribution
sk-t3ch/AWS_Stripe-SaaS-quickstart,NONE,HTTP 404,False,No/unknown licence (NONE)
molecule-man/stack-assembly,MIT,MIT License,True,Permissive – clear for redistribution
jamesmoriarty/cfn-cheapest-nat,MIT,MIT License,True,Permissive – clear for redistribution
serverlesspub/cloudformation-deploy-to-s3,NOASSERTION,Other,False,No/unknown licence (NOASSERTION)
StyraOSS/opa-aws-cloudformation-hook,Apache-2.0,Apache License 2.0,True,Permissive – clear for redistribution
lendi-au/StackJanitor,MIT,MIT License,True,Permissive – clear for redistribution
glassechidna/stackit,Apache-2.0,Apache License 2.0,True,Permissive – clear for redistribution
iann0036/amazon-connect-cfn,MIT,MIT License,True,Permissive – clear for redistribution
bitovi/bitops,NOASSERTION,Other,False,No/unknown licence (NOASSERTION)
jenkinsci/jenkins-cloudformation-plugin,NONE,HTTP 404,False,No/unknown licence (NONE)
iann0036/cfn-stack-rename,MIT,MIT License,True,Permissive – clear for redistribution
chef-boneyard/aws_native_chef_server,Apache-2.0,Apache License 2.0,True,Permissive – clear for redistribution
taimos/cdk-constructs,Apache-2.0,Apache License 2.0,True,Permissive – clear for redistribution
binoculars/aws-cloudformation-cognito-identity-pool,Unlicense,The Unlicense,True,Permissive – clear for redistribution
99stealth/cfn-ami-to-mapping,MIT,MIT License,True,Permissive – clear for redistribution
matsev/cloudformation-api-gateway,MIT,MIT License,True,Permissive – clear for redistribution
eijikominami/aws-cloudformation-templates,MIT,MIT License,True,Permissive – clear for redistribution
nasiaullas/FaultInjectionSimulator-KodeKloud,NONE,HTTP 404,False,No/unknown licence (NONE)
awslabs/aws-cloudformation-stacks-graph,Apache-2.0,Apache License 2.0,True,Permissive – clear for redistribution
aws-samples/aws-iam-identity-center-automation,MIT-0,MIT No Attribution,True,Permissive – clear for redistribution
toshke/big-blue-button-cloudformation-cfhl,MIT,MIT License,True,Permissive – clear for redistribution
aws-samples/aws-systems-manager-cloudformation-samples,MIT-0,MIT No Attribution,True,Permissive – clear for redistribution
nickolashkraus/cloudformation-templates,MIT,MIT License,True,Permissive – clear for redistribution
aws-samples/sagemaker-studio-code-editor-template,MIT-0,MIT No Attribution,True,Permissive – clear for redistribution
aws-samples/aws-codepipeline-docker-vulnerability-scan,MIT-0,MIT No Attribution,True,Permissive – clear for redistribution
aws-samples/amazon-ivs-chat-web-demo,MIT-0,MIT No Attribution,True,Permissive – clear for redistribution
botbits/serverless-loopback,MIT,MIT License,True,Permissive – clear for redistribution
allinwonder/cfn2dsl,MIT,MIT License,True,Permissive – clear for redistribution
openstack-archive/heat-cfnclient,NONE,HTTP 404,False,No/unknown licence (NONE)
cfntools/cloudformation-gaps,NONE,HTTP 404,False,No/unknown licence (NONE)
aws-cdk-dsl/aws-cdk-kotlin-dsl,MIT,MIT License,True,Permissive – clear for redistribution
adv4000/cloudformation,NONE,HTTP 404,False,No/unknown licence (NONE)
aws-samples/jenkins-cloudformation-deployment-example,MIT-0,MIT No Attribution,True,Permissive – clear for redistribution
jthomerson/cloudformation-template-for-lambda-backed-api-gateway-with-dynamodb,MIT,MIT License,True,Permissive – clear for redistribution
upmc-enterprises/kubernetes-on-aws,NOASSERTION,Other,False,No/unknown licence (NOASSERTION)
jcouyang/dhall-aws-cloudformation,BSD-3-Clause,"BSD 3-Clause ""New"" or ""Revised"" License",True,Permissive – clear for redistribution
MaxCloud101/course-cloudformation,NONE,HTTP 404,False,No/unknown licence (NONE)
talentedmrjones/cloudformation-deep-dive,NONE,HTTP 404,False,No/unknown licence (NONE)
aws-cloudformation/aws-cloudformation-resource-providers-logs,NONE,HTTP 404,False,No/unknown licence (NONE)
gristlabs/yaml-cfn,Apache-2.0,Apache License 2.0,True,Permissive – clear for redistribution
nicka/serverless-plugin-diff,NONE,HTTP 404,False,No/unknown licence (NONE)
lumigo-io/SAR-Propagate-CFN-Tags,Apache-2.0,Apache License 2.0,True,Permissive – clear for redistribution
MarcoLeongDev/handsfree-stable-diffusion,AGPL-3.0,GNU Affero General Public License v3.0,True,Review NOTICE/README for dataset clause
mshibuya/cloudformal,MIT,MIT License,True,Permissive – clear for redistribution
haicheviet/fullstack-machine-learning-inference,NONE,HTTP 404,False,No/unknown licence (NONE)
jmaleonard/serverless-cognito-add-custom-attributes,MIT,MIT License,True,Permissive – clear for redistribution
hexlabsio/kloudformation,Apache-2.0,Apache License 2.0,True,Permissive – clear for redistribution
waterbear-cloud/paco,MPL-2.0,Mozilla Public License 2.0,True,Permissive – clear for redistribution
mathworks-ref-arch/matlab-parallel-server-on-aws,NOASSERTION,Other,False,No/unknown licence (NOASSERTION)
JJTechInc/CloudFormation,NONE,HTTP 404,False,No/unknown licence (NONE)
puppetlabs-toy-chest/puppetlabs-cloudformation,Apache-2.0,Apache License 2.0,True,Permissive – clear for redistribution
fungusakafungus/cloudformation-jsonschema,MIT,MIT License,True,Permissive – clear for redistribution
concurrencylabs/locust-cloudwatch,NONE,HTTP 404,False,No/unknown licence (NONE)
lumigo-io/SAR-cloudwatch-alarms-macro,Apache-2.0,Apache License 2.0,True,Permissive – clear for redistribution
aws-samples/amazon-eks-cluster-logging-remediation,MIT-0,MIT No Attribution,True,Permissive – clear for redistribution
awslabs/custom-lookup-lambda,NONE,HTTP 404,False,No/unknown licence (NONE)
LaurenceWarne/cfn-lsp-extra,MIT,MIT License,True,Permissive – clear for redistribution
aws-samples/ec2-former2,MIT-0,MIT No Attribution,True,Permissive – clear for redistribution
aws-samples/drs-tools,Apache-2.0,Apache License 2.0,True,Permissive – clear for redistribution
basho/cloudformation-riak,NOASSERTION,Other,False,No/unknown licence (NOASSERTION)
1Strategy/rds-starter-templates,Apache-2.0,Apache License 2.0,True,Permissive – clear for redistribution
awslabs/dynamodb-backup-scheduler,MIT-0,MIT No Attribution,True,Permissive – clear for redistribution
aws-samples/aws-redshift-spectrum-poc,MIT-0,MIT No Attribution,True,Permissive – clear for redistribution
devteds/e7-cloudformation-docker,NONE,HTTP 404,False,No/unknown licence (NONE)
aws-samples/aws-system-manager-automation-unencrypted-to-encrypted-resources,MIT-0,MIT No Attribution,True,Permissive – clear for redistribution
garystafford/aws-rds-postgres,MIT,MIT License,True,Permissive – clear for redistribution
Hallian/codedeploy-example,NONE,HTTP 404,False,No/unknown licence (NONE)
davidmoten/aws-maven-plugin,Apache-2.0,Apache License 2.0,True,Permissive – clear for redistribution
HewlettPackard/cloudformation-plus,Apache-2.0,Apache License 2.0,True,Permissive – clear for redistribution
trupositive-ai/trupositive,MIT,MIT License,True,Permissive – clear for redistribution
towardsthecloud/vscode-cloudformation-snippets,Apache-2.0,Apache License 2.0,True,Permissive – clear for redistribution
aws-cloudformation/cloudformation-cli-java-plugin,Apache-2.0,Apache License 2.0,True,Permissive – clear for redistribution
aws-cloudformation/aws-cloudformation-resource-providers-rds,NONE,HTTP 404,False,No/unknown licence (NONE)
aws-samples/aws-control-tower-reference-architectures,MIT-0,MIT No Attribution,True,Permissive – clear for redistribution
DaisukeMiyamoto/aws-cfn-elasticsearch,Apache-2.0,Apache License 2.0,True,Permissive – clear for redistribution
jchrisfarris/detect-credential-compromise,Apache-2.0,Apache License 2.0,True,Permissive – clear for redistribution
belodetek/cfn-generic-custom-resource,MIT,MIT License,True,Permissive – clear for redistribution
iann0036/cfn-remediate-drift,MIT,MIT License,True,Permissive – clear for redistribution
aws-ia/cloudformation-aws-marketplace-saas,Apache-2.0,Apache License 2.0,True,Permissive – clear for redistribution
lucidsoftware/cumulus,Apache-2.0,Apache License 2.0,True,Permissive – clear for redistribution
aws-samples/aws-cloudformation-publisher,MIT-0,MIT No Attribution,True,Permissive – clear for redistribution
itskoko/kubecfn,NONE,HTTP 404,False,No/unknown licence (NONE)
Versent/cfn-check,MIT,MIT License,True,Permissive – clear for redistribution
aws-samples/amazon-kinesis-sagemaker-promotion-recommendations,MIT-0,MIT No Attribution,True,Permissive – clear for redistribution
hupe1980/jest-cdk-snapshot,MIT,MIT License,True,Permissive – clear for redistribution
aws-samples/aws-integration-for-apache-guacamole,MIT-0,MIT No Attribution,True,Permissive – clear for redistribution
towardsthecloud/aws-cloudformation-starter-kit,Apache-2.0,Apache License 2.0,True,Permissive – clear for redistribution
Hack23/sonar-cloudformation-plugin,LGPL-3.0,GNU Lesser General Public License v3.0,True,Review NOTICE/README for dataset clause
seehiong/smartflat-ai,MIT,MIT License,True,Permissive – clear for redistribution
aws-samples/aws-cloud9-bootstrapping-example,MIT-0,MIT No Attribution,True,Permissive – clear for redistribution
laimonassutkus/AWSCloudFormation101,NONE,HTTP 404,False,No/unknown licence (NONE)
adcreare/cloudformation,MIT,MIT License,True,Permissive – clear for redistribution
Tiamatt/Mastering-AWS-CloudFormation,NONE,HTTP 404,False,No/unknown licence (NONE)
sbstjn/go-appsync-graphql-cloudformation,MIT,MIT License,True,Permissive – clear for redistribution
ev2900/OpenSearch_CloudWatch_Alarms,NONE,HTTP 404,False,No/unknown licence (NONE)
aws-cloudformation/cfn-lint-atom,Apache-2.0,Apache License 2.0,True,Permissive – clear for redistribution
aws-samples/amazon-dax-lambda-nodejs-sample,NOASSERTION,Other,False,No/unknown licence (NOASSERTION)
cmakkaya/Step-by-Step-Full-Project-A-K8S-Cluster-With-High-Availability-Reliability-Auto-Scaling-Auto-Healing,NONE,HTTP 404,False,No/unknown licence (NONE)
aliyun/iac-code,Apache-2.0,Apache License 2.0,True,Permissive – clear for redistribution
mathworks-ref-arch/matlab-production-server-on-aws,NOASSERTION,Other,False,No/unknown licence (NOASSERTION)
unitypark/aws-serverless-demos,NONE,HTTP 404,False,No/unknown licence (NONE)
aws-samples/ec2-lamp-server,MIT-0,MIT No Attribution,True,Permissive – clear for redistribution
santiagocardenas/serverless-cloudformation-sub-variables,MIT,MIT License,True,Permissive – clear for redistribution
abdullahkhawer/aws-auto-terminate-idle-emr,Apache-2.0,Apache License 2.0,True,Permissive – clear for redistribution
go-to-k/cdk-real-drift,Apache-2.0,Apache License 2.0,True,Permissive – clear for redistribution
forestryio/cloudformation-templates,NONE,HTTP 404,False,No/unknown licence (NONE)
toniblyx/security_monkey_cloudformation,Apache-2.0,Apache License 2.0,True,Permissive – clear for redistribution
KablamoOSS/cfn-macros,NONE,HTTP 404,False,No/unknown licence (NONE)
bitfoo1/aws-cloudformation-yaml,MIT,MIT License,True,Permissive – clear for redistribution
gene1wood/cfnlambda,GPL-3.0,GNU General Public License v3.0,True,Review NOTICE/README for dataset clause
aws-samples/aws-deploy-spinnaker-halyard,MIT-0,MIT No Attribution,True,Permissive – clear for redistribution
buildkite/on-demand,BSD-3-Clause,"BSD 3-Clause ""New"" or ""Revised"" License",True,Permissive – clear for redistribution
pplu/CloudCron,NOASSERTION,Other,False,No/unknown licence (NOASSERTION)
LakshMundhada/Real-Time-Fraudulent-Transaction-Analytics-Pipeline,Apache-2.0,Apache License 2.0,True,Permissive – clear for redistribution
onceiwasadev/aws-cloudformation-notifications,MIT,MIT License,True,Permissive – clear for redistribution
aerospike/aws-cloudformation,Apache-2.0,Apache License 2.0,True,Permissive – clear for redistribution
dcoker/cloudformation-examples,Apache-2.0,Apache License 2.0,True,Permissive – clear for redistribution
KablamoOSS/kombustion,MIT,MIT License,True,Permissive – clear for redistribution
chrisfjones/coffin,MIT,MIT License,True,Permissive – clear for redistribution
aws-samples/aws-deeplearning-labs,MIT-0,MIT No Attribution,True,Permissive – clear for redistribution
Scout24/aws-cf-verified-ssl-certificate,Apache-2.0,Apache License 2.0,True,Permissive – clear for redistribution
celingest/mongo-formation,NOASSERTION,Other,False,No/unknown licence (NOASSERTION)
aws-cloudformation/aws-cloudformation-resource-providers-codeartifact,NONE,HTTP 404,False,No/unknown licence (NONE)
binxio/cfn-postgresql-user-provider,Apache-2.0,Apache License 2.0,True,Permissive – clear for redistribution
aws-samples/amazon-bedrock-rag-knowledgebases-agents-cloudformation,MIT-0,MIT No Attribution,True,Permissive – clear for redistribution
remix-run/starter-architect,NONE,HTTP 404,False,No/unknown licence (NONE)
aws-samples/transfer-for-sftp-logical-directories,MIT-0,MIT No Attribution,True,Permissive – clear for redistribution
devk-insurance/landing-zone,NONE,HTTP 404,False,No/unknown licence (NONE)
shahinam2/AWS-DevOps-Projects,MIT,MIT License,True,Permissive – clear for redistribution
theonestack/cfhighlander,MIT,MIT License,True,Permissive – clear for redistribution
taimos/cfn-tail,MIT,MIT License,True,Permissive – clear for redistribution
AlisProject/private-chain,NONE,HTTP 404,False,No/unknown licence (NONE)
aws-samples/transit-gateway-single-exit-point,MIT-0,MIT No Attribution,True,Permissive – clear for redistribution
Rahul-Barick/serverless-aws-lambda-node-postgres,MIT,MIT License,True,Permissive – clear for redistribution
hybox/aws,Apache-2.0,Apache License 2.0,True,Permissive – clear for redistribution
JoseLuisSR/springboot-aws-serverless,NONE,HTTP 404,False,No/unknown licence (NONE)
Cloudniite/cloudniite,MIT,MIT License,True,Permissive – clear for redistribution
iann0036/tf-cfn-provider,MIT,MIT License,True,Permissive – clear for redistribution
aws-samples/aws-appconfig-java-sample,MIT-0,MIT No Attribution,True,Permissive – clear for redistribution
deep-security/cloudformation,Apache-2.0,Apache License 2.0,True,Permissive – clear for redistribution
aws-samples/ecs-refarch-cloudformation-windows,Apache-2.0,Apache License 2.0,True,Permissive – clear for redistribution
aws-cloudformation/aws-cloudformation-resource-providers-ssm,NONE,HTTP 404,False,No/unknown licence (NONE)
cotap/stacker,MIT,MIT License,True,Permissive – clear for redistribution
aws-samples/aws-cfn-windows-hpc-template,MIT-0,MIT No Attribution,True,Permissive – clear for redistribution
aws-samples/cfn-security-scan-integration,MIT-0,MIT No Attribution,True,Permissive – clear for redistribution
theserverlessway/awsie,MIT,MIT License,True,Permissive – clear for redistribution
moritzkoerber/covid-19-data-engineering-pipeline,MIT,MIT License,True,Permissive – clear for redistribution
obezuk/gitlabci-cloudflare-pipeline,NONE,HTTP 404,False,No/unknown licence (NONE)
nordcloud/aws-codepipeline-cfn-provider,Apache-2.0,Apache License 2.0,True,Permissive – clear for redistribution
lifadev-archive/aws-cloudformation-go-customres,Apache-2.0,Apache License 2.0,True,Permissive – clear for redistribution
MrinmoiHossain/Udacity-Cloud-DevOps-Engineer-Nanodegree,NONE,HTTP 404,False,No/unknown licence (NONE)
DevSazal/ts-lambda-kit,NONE,HTTP 404,False,No/unknown licence (NONE)
drrb/cfoo,GPL-3.0,GNU General Public License v3.0,True,Review NOTICE/README for dataset clause
By-Nordenfelt-AB/lulo,MIT,MIT License,True,Permissive – clear for redistribution
ljacobsson/cfn-resource-actions,MIT,MIT License,True,Permissive – clear for redistribution
jenseickmeyer/cloudformation-templates,MIT,MIT License,True,Permissive – clear for redistribution
TechPrimers/aws-cloud-formation-templates,NONE,HTTP 404,False,No/unknown licence (NONE)
aws-cloudformation/cloudformation-pkl,Apache-2.0,Apache License 2.0,True,Permissive – clear for redistribution
mapbox/DEPRECATED-lambda-cfn,BSD-2-Clause,"BSD 2-Clause ""Simplified"" License",True,Permissive – clear for redistribution
aws-samples/aws-govcloud-continuous-monitoring,MIT-0,MIT No Attribution,True,Permissive – clear for redistribution
miguel-a-calles-mba/serverless-stack-termination-protection,MIT,MIT License,True,Permissive – clear for redistribution
mludvig/aws-crypto-miner,NONE,HTTP 404,False,No/unknown licence (NONE)
eropple/auster,MIT,MIT License,True,Permissive – clear for redistribution
Signiant/dynamodb-replication,MIT,MIT License,True,Permissive – clear for redistribution
stelligent/mutato,MIT,MIT License,True,Permissive – clear for redistribution
ahmadalibagheri/cdktf-python-aws-ec2,NONE,HTTP 404,False,No/unknown licence (NONE)
MattTunny/AWS-Transit-Gateway-Demo-MultiAccount,MIT,MIT License,True,Permissive – clear for redistribution
LambdaSharp/Chat,Apache-2.0,Apache License 2.0,True,Permissive – clear for redistribution
mikeroyal/Cloud-Native-Guide,NONE,HTTP 404,False,No/unknown licence (NONE)
qswitcher/cloudformation_examples,NONE,HTTP 404,False,No/unknown licence (NONE)
aws-cloudformation/aws-cloudformation-resource-providers-ses,NONE,HTTP 404,False,No/unknown licence (NONE)
aws-ia/cloudformation-github-resource-providers,Apache-2.0,Apache License 2.0,True,Permissive – clear for redistribution
binxio/cfn-mysql-user-provider,Apache-2.0,Apache License 2.0,True,Permissive – clear for redistribution
SomeoneWeird/cirrus,ISC,ISC License,True,Permissive – clear for redistribution
alistanis/cf_parameter_generator,MIT,MIT License,True,Permissive – clear for redistribution
aws-cloudformation/cloudformation-languageserver,Apache-2.0,Apache License 2.0,True,Permissive – clear for redistribution
bustle/sammie,NONE,HTTP 404,False,No/unknown licence (NONE)
manchicken/ghu23-oidc-talk,MIT,MIT License,True,Permissive – clear for redistribution
blimmer/cdk-datadog-integration,Apache-2.0,Apache License 2.0,True,Permissive – clear for redistribution
adoreboard/aws-cloudformation-templates,NOASSERTION,Other,False,No/unknown licence (NOASSERTION)
aws-samples/vpc-multi-tier,MIT-0,MIT No Attribution,True,Permissive – clear for redistribution
aws-samples/aws-starter-react-for-github-actions,MIT-0,MIT No Attribution,True,Permissive – clear for redistribution
stackmate/stackmate,MIT,MIT License,True,Permissive – clear for redistribution
zalando-stups/lizzy,Apache-2.0,Apache License 2.0,True,Permissive – clear for redistribution
binxio/cfn-resource-provider,Apache-2.0,Apache License 2.0,True,Permissive – clear for redistribution
o2Labs/sentry-formation,MIT,MIT License,True,Permissive – clear for redistribution
virtualjj/automated-openvpnas,MIT,MIT License,True,Permissive – clear for redistribution
TangoGroup/cfn-cue,Apache-2.0,Apache License 2.0,True,Permissive – clear for redistribution
aws-samples/aws-codebuild-custom-raspbian-builder,Apache-2.0,Apache License 2.0,True,Permissive – clear for redistribution
SungardAS/lambda-formation,Apache-2.0,Apache License 2.0,True,Permissive – clear for redistribution
gbourniq/django-on-aws,MIT,MIT License,True,Permissive – clear for redistribution
rhythmictech/terraform-aws-imagebuilder-pipeline,MIT,MIT License,True,Permissive – clear for redistribution
aws-samples/sample-code-server-on-aws,MIT-0,MIT No Attribution,True,Permissive – clear for redistribution
udondan/cdk-ssm-document,Apache-2.0,Apache License 2.0,True,Permissive – clear for redistribution
aryounce/terraform-aws-bootstrap,MIT,MIT License,True,Permissive – clear for redistribution
woodjme/autoscaling-ec2-gitlab-runners-fargate,MIT,MIT License,True,Permissive – clear for redistribution
singlestone/SecretsManagerwithCloudFormation,MIT,MIT License,True,Permissive – clear for redistribution
kriasoft/terraform-starter-kit,MIT,MIT License,True,Permissive – clear for redistribution
hoangsonww/WealthWise-Finance-Tracker,MIT,MIT License,True,Permissive – clear for redistribution
totalcloudconsulting/kubernetes-aws,Apache-2.0,Apache License 2.0,True,Permissive – clear for redistribution
matthewdfuller/cloudformation-templates,NONE,HTTP 404,False,No/unknown licence (NONE)
okubo-t/aws-cloudformation,NONE,HTTP 404,False,No/unknown licence (NONE)
aws-samples/aws-cloudformation-security-automation-for-wazuh,GPL-2.0,GNU General Public License v2.0,True,Review NOTICE/README for dataset clause
Linuturk/cloudformation-autodoc,NONE,HTTP 404,False,No/unknown licence (NONE)
aws-samples/amazon-documentdb-serverless-samples,MIT-0,MIT No Attribution,True,Permissive – clear for redistribution
binxio/cfn-saml-provider,Apache-2.0,Apache License 2.0,True,Permissive – clear for redistribution
aws-samples/aws-lambda-serverless-inference,MIT-0,MIT No Attribution,True,Permissive – clear for redistribution
ScriptAutomate/openvpn-cfn,MIT,MIT License,True,Permissive – clear for redistribution
tmont/tail-stack-events,NONE,HTTP 404,False,No/unknown licence (NONE)
Neosperience/GrassFormation,MIT,MIT License,True,Permissive – clear for redistribution
binxio/cfn-lb-ip-address-provider,Apache-2.0,Apache License 2.0,True,Permissive – clear for redistribution
gford1000-aws/lambda_s3_access_using_vpc_endpoint,MIT,MIT License,True,Permissive – clear for redistribution
aws-samples/amazon-aurora-pgpool-example,MIT-0,MIT No Attribution,True,Permissive – clear for redistribution
aws-samples/aws-service-catalog-preventive-control,MIT-0,MIT No Attribution,True,Permissive – clear for redistribution
CloudEric/dnsvpn-cloudformation,MIT,MIT License,True,Permissive – clear for redistribution
smalltide/aws-cloudformation-master,NONE,HTTP 404,False,No/unknown licence (NONE)
marklogic/cloud-enablement-aws,NOASSERTION,Other,False,No/unknown licence (NOASSERTION)
cypherpunk-symposium/backend-and-orchestration-toolkit,NONE,HTTP 404,False,No/unknown licence (NONE)
aws-samples/provision-codepipeline-glue-workflows,MIT-0,MIT No Attribution,True,Permissive – clear for redistribution
camilb/kube-aws-secure,NONE,HTTP 404,False,No/unknown licence (NONE)
neo4j-partners/neo4j-aws-cloudformation,Apache-2.0,Apache License 2.0,True,Permissive – clear for redistribution
base2Services/cloudformation-custom-resources-nodejs,MIT,MIT License,True,Permissive – clear for redistribution
cytopia/ansible-modules,GPL-3.0,GNU General Public License v3.0,True,Review NOTICE/README for dataset clause
nguyenquangkhai/cdk-manager,Apache-2.0,Apache License 2.0,True,Permissive – clear for redistribution
PatMyron/cloudformation-resource-providers,NONE,HTTP 404,False,No/unknown licence (NONE)
getcft/aws-elb-to-ec2-target-group-cf-template,Apache-2.0,Apache License 2.0,True,Permissive – clear for redistribution
code402/datasette-lambda,Apache-2.0,Apache License 2.0,True,Permissive – clear for redistribution
ReedD/dadoune.com,NONE,HTTP 404,False,No/unknown licence (NONE)
simonknittel/sam,AGPL-3.0,GNU Affero General Public License v3.0,True,Review NOTICE/README for dataset clause
yvele/aws-cfn-custom-resource-lambda-edge,Apache-2.0,Apache License 2.0,True,Permissive – clear for redistribution
formkiq/parima,Apache-2.0,Apache License 2.0,True,Permissive – clear for redistribution
Integralist/CloudFormation,NONE,HTTP 404,False,No/unknown licence (NONE)
SumindaD/Fargate-ECSCluster-Cloudformation,NONE,HTTP 404,False,No/unknown licence (NONE)
acervos/rancher-aws,NONE,HTTP 404,False,No/unknown licence (NONE)
rlister/stax,MIT,MIT License,True,Permissive – clear for redistribution
dome9/cft-simulator,BSD-3-Clause,"BSD 3-Clause ""New"" or ""Revised"" License",True,Permissive – clear for redistribution
trek10inc/serverless-cloudformation-parameter-setter,MIT,MIT License,True,Permissive – clear for redistribution
andresdouglas/aws-cfn-mongostack,NONE,HTTP 404,False,No/unknown licence (NONE)
eugene-manuilov/cfpack,MIT,MIT License,True,Permissive – clear for redistribution
concurrencylabs/cloudtrail-aws-elasticsearch,NONE,HTTP 404,False,No/unknown licence (NONE)
aws-samples/ecs-refarch-mixed-mode,MIT-0,MIT No Attribution,True,Permissive – clear for redistribution
antstackio/hasura-ecs-aurora-serverless-template,NONE,HTTP 404,False,No/unknown licence (NONE)
awslabs/cloudformation-accustom,Apache-2.0,Apache License 2.0,True,Permissive – clear for redistribution
rupertbg/aws-7days-server,NONE,HTTP 404,False,No/unknown licence (NONE)
rurri/serverless-resources-env,MIT,MIT License,True,Permissive – clear for redistribution
RoboFinSystems/robosystems,Apache-2.0,Apache License 2.0,True,Permissive – clear for redistribution
dejonghe/cfn-boto-interface,Apache-2.0,Apache License 2.0,True,Permissive – clear for redistribution
aws-samples/ecs-mesh-workshop,NOASSERTION,Other,False,No/unknown licence (NOASSERTION)
jolexa/fargate-from-lambda,Apache-2.0,Apache License 2.0,True,Permissive – clear for redistribution
pimlock/whats-your-name,MIT,MIT License,True,Permissive – clear for redistribution
bluesouthernmoose/Muster,MIT,MIT License,True,Permissive – clear for redistribution
rpstreef/aws-sam-node-example,Apache-2.0,Apache License 2.0,True,Permissive – clear for redistribution
ampedandwired/bora,MIT,MIT License,True,Permissive – clear for redistribution
aws-samples/amazon-ivs-clip-web-demo,MIT-0,MIT No Attribution,True,Permissive – clear for redistribution
philcryer/stax,MIT,MIT License,True,Permissive – clear for redistribution
aquasecurity/aqua-aws,Apache-2.0,Apache License 2.0,True,Permissive – clear for redistribution
iann0036/tree-view-cfn,MIT,MIT License,True,Permissive – clear for redistribution
aws-samples/sample-cfn-guard-security-analyzer,MIT-0,MIT No Attribution,True,Permissive – clear for redistribution
F5Networks/f5-aws-cloudformation-v2,NONE,HTTP 404,False,No/unknown licence (NONE)
vishal2505/AWSDevOpsProjects,NONE,HTTP 404,False,No/unknown licence (NONE)
aws-samples/logging-monitoring-apg-guide-examples,MIT-0,MIT No Attribution,True,Permissive – clear for redistribution
AHinMaine/AWSCloudFormation-samples,NONE,HTTP 404,False,No/unknown licence (NONE)
MGenteluci/cloudformation-deploy-action,MIT,MIT License,True,Permissive – clear for redistribution
markhopson/cloudformation-serverless-api,MIT,MIT License,True,Permissive – clear for redistribution
kbild/AWS_Cloudformation_Examples,Apache-2.0,Apache License 2.0,True,Permissive – clear for redistribution
root43/https-github.com-awslabs-aws-cloudformation-templates,Apache-2.0,Apache License 2.0,True,Permissive – clear for redistribution
aws-samples/amazon-sagemaker-cloudformation-custom-resource,MIT-0,MIT No Attribution,True,Permissive – clear for redistribution
thefactory/cloudformation-graphite,MIT,MIT License,True,Permissive – clear for redistribution
PacktPublishing/AWS-CloudFormation-Master-Class,MIT,MIT License,True,Permissive – clear for redistribution
cloudconformity/tools-cloudformation-drift-detection,MIT,MIT License,True,Permissive – clear for redistribution
AOEpeople/cfn-lambdahelper,NONE,HTTP 404,False,No/unknown licence (NONE)
awslabs/amazon-eks-irsa-cfn,Apache-2.0,Apache License 2.0,True,Permissive – clear for redistribution
aws-samples/aws-iam-credential-report,MIT-0,MIT No Attribution,True,Permissive – clear for redistribution
c3xdev/c3x,Apache-2.0,Apache License 2.0,True,Permissive – clear for redistribution
lobsterdore/aws-ha-deployment-example,NONE,HTTP 404,False,No/unknown licence (NONE)
aws-samples/aws-glue-crawler-utilities,MIT-0,MIT No Attribution,True,Permissive – clear for redistribution
kickstarter/serverless-approle-manager,Apache-2.0,Apache License 2.0,True,Permissive – clear for redistribution
pitkley/aws-search-extension,Apache-2.0,Apache License 2.0,True,Permissive – clear for redistribution
aws-samples/amazon-rekognition-custom-labels-a2i-automated-continuous-model-improvement,NOASSERTION,Other,False,No/unknown licence (NOASSERTION)
magnetikonline/lambda-smush-py,MIT,MIT License,True,Permissive – clear for redistribution
nathandines/forge,Apache-2.0,Apache License 2.0,True,Permissive – clear for redistribution
RafalWilinski/terraform-vs-cdk,NONE,HTTP 404,False,No/unknown licence (NONE)
scravy/jinsi,MIT,MIT License,True,Permissive – clear for redistribution
jed/cfn-api-gateway-custom-domain,MIT,MIT License,True,Permissive – clear for redistribution
aiwithqasim/Capstone-Project-Devops,NONE,HTTP 404,False,No/unknown licence (NONE)
wahmd/sqs-with-lambda-using-aws-amplify,NONE,HTTP 404,False,No/unknown licence (NONE)
csgwon/AWS-RL-Env,NONE,HTTP 404,False,No/unknown licence (NONE)
aws-cloudformation/aws-cloudformation-resource-providers-sns,NONE,HTTP 404,False,No/unknown licence (NONE)
nirdosh17/cfn-teardown,Apache-2.0,Apache License 2.0,True,Permissive – clear for redistribution
czam01/cloudformation,NONE,HTTP 404,False,No/unknown licence (NONE)
weibeld/eks-cloudformation,NONE,HTTP 404,False,No/unknown licence (NONE)
sophos-iaas/aws-cf-templates,NOASSERTION,Other,False,No/unknown licence (NOASSERTION)
chef-boneyard/chef-server-cloudformation-templates,NONE,HTTP 404,False,No/unknown licence (NONE)
PacktPublishing/Mastering-AWS-CloudFormation-Second-Edition,MIT,MIT License,True,Permissive – clear for redistribution
ministryofjustice/bootstrap-cfn,NOASSERTION,Other,False,No/unknown licence (NOASSERTION)
tonyfromundefined/prisma-aws-cloudformation,NONE,HTTP 404,False,No/unknown licence (NONE)
lobsterdore/cloudformation-examples,NONE,HTTP 404,False,No/unknown licence (NONE)
ArjenSchwarz/fog,MIT,MIT License,True,Permissive – clear for redistribution
1Strategy/blog-add-ebs-volume,Apache-2.0,Apache License 2.0,True,Permissive – clear for redistribution
binxio/cfn-lint-plugin,MIT,MIT License,True,Permissive – clear for redistribution
mrm-commerce/cloud_builder,MIT,MIT License,True,Permissive – clear for redistribution
aws-samples/aws-dms-cdc-sample,MIT-0,MIT No Attribution,True,Permissive – clear for redistribution
azavea/raster-vision-aws,NOASSERTION,Other,False,No/unknown licence (NOASSERTION)
amazon-archives/__template_MIT-0,MIT-0,MIT No Attribution,True,Permissive – clear for redistribution
aws-solutions/migration-assistant-for-amazon-opensearch,Apache-2.0,Apache License 2.0,True,Permissive – clear for redistribution
dspenard/google-drive-with-aws,MIT,MIT License,True,Permissive – clear for redistribution
DavidChristiansen/aws-cdk-cicd-taskcat,NONE,HTTP 404,False,No/unknown licence (NONE)
hadi-technology/production-ready-prestashop,MIT,MIT License,True,Permissive – clear for redistribution
mlabouardy/aws-cloudformation-templates,MIT,MIT License,True,Permissive – clear for redistribution
Jimdo/serverless-dynamodb-ttl,MIT,MIT License,True,Permissive – clear for redistribution
nodesource/nsolid-aws,MIT,MIT License,True,Permissive – clear for redistribution
Biomapas/B.AwsCdkParallel,Apache-2.0,Apache License 2.0,True,Permissive – clear for redistribution
aws-samples/aws-lex-v2-cfn-cr,Apache-2.0,Apache License 2.0,True,Permissive – clear for redistribution
bsdkurt/aws-node-custom-user-pool,MIT,MIT License,True,Permissive – clear for redistribution
jamesandersen/aws-machine-learning-demo,NONE,HTTP 404,False,No/unknown licence (NONE)
jeshan/typeformation,BSD-2-Clause,"BSD 2-Clause ""Simplified"" License",True,Permissive – clear for redistribution
thestackshack/serverless-stack-cicd,MIT,MIT License,True,Permissive – clear for redistribution
gfngfn/game_tianjiupai,NONE,HTTP 404,False,No/unknown licence (NONE)
cloudacademy/aws-cloudformation,NONE,HTTP 404,False,No/unknown licence (NONE)
claytantor/boto3-cloudformation,NONE,HTTP 404,False,No/unknown licence (NONE)
DualSpark/cloudformation-environmentbase,BSD-2-Clause,"BSD 2-Clause ""Simplified"" License",True,Permissive – clear for redistribution
ryanmurakami/cloudformation-best-practices,NONE,HTTP 404,False,No/unknown licence (NONE)
gweecl/cloudformation-ecs-laravel,NONE,HTTP 404,False,No/unknown licence (NONE)
chhatbarjignesh/reportportal-aws-cfn,NONE,HTTP 404,False,No/unknown licence (NONE)
neillturner/kitchen-cloudformation,NOASSERTION,Other,False,No/unknown licence (NOASSERTION)
justabuzz/serverless-landing-page,MIT,MIT License,True,Permissive – clear for redistribution
mozilla/cloudformation-cross-account-outputs,MPL-2.0,Mozilla Public License 2.0,True,Permissive – clear for redistribution
virtualjj/cis-aws-benchmark-section-3-monitoring-remediate,MIT,MIT License,True,Permissive – clear for redistribution
samkeen/aws-ssm-session-manager-example,Apache-2.0,Apache License 2.0,True,Permissive – clear for redistribution
trek10inc/sfn-yaml-macro,MIT-0,MIT No Attribution,True,Permissive – clear for redistribution
binxio/aws-cfn-update,Apache-2.0,Apache License 2.0,True,Permissive – clear for redistribution
aws-samples/aws-medialive-mediapackage-cloudwatch-dashboard,Apache-2.0,Apache License 2.0,True,Permissive – clear for redistribution
pepperize/cdk-github,MIT,MIT License,True,Permissive – clear for redistribution
aws-samples/amazon-cloudfront-protecting-hls-manifest-with-signed-url,MIT-0,MIT No Attribution,True,Permissive – clear for redistribution
dsouzajude/zookeeper-on-aws,MIT,MIT License,True,Permissive – clear for redistribution
exosphere-lang/compiler,MIT,MIT License,True,Permissive – clear for redistribution
dougtoppin/example-aws-s3-cross-region-replication,MIT,MIT License,True,Permissive – clear for redistribution
taktakpeops/selenium-grid-ecs-fargate,NONE,HTTP 404,False,No/unknown licence (NONE)
Cloudzero/provision-account,BSD-3-Clause,"BSD 3-Clause ""New"" or ""Revised"" License",True,Permissive – clear for redistribution
starformlabs/stellar-nebulaforge-aws,Apache-2.0,Apache License 2.0,True,Permissive – clear for redistribution
intuit/cfn-deploy,MIT,MIT License,True,Permissive – clear for redistribution
manwaring-automation/odin,MIT,MIT License,True,Permissive – clear for redistribution
adonig/aloisius,BSD-2-Clause,"BSD 2-Clause ""Simplified"" License",True,Permissive – clear for redistribution
skripted-io/serverless-3-tier-cloudformation,MIT-0,MIT No Attribution,True,Permissive – clear for redistribution
avishayil/cf-signer,MIT,MIT License,True,Permissive – clear for redistribution
brandon-rich-aws-deployment-course/cloudformation-demo,NONE,HTTP 404,False,No/unknown licence (NONE)
aws-cloudformation/aws-cloudformation-resource-providers-kms,Apache-2.0,Apache License 2.0,True,Permissive – clear for redistribution
mehmetincefidan/Deploy-a-High-Availability-Web-App-Using-CloudFormation,NONE,HTTP 404,False,No/unknown licence (NONE)
g-a-d/cloudformation-random-string,NONE,HTTP 404,False,No/unknown licence (NONE)
thoughtbot/cloudformation-terraform-state-backend,MIT,MIT License,True,Permissive – clear for redistribution
widdix/aws-cf-jail,MIT,MIT License,True,Permissive – clear for redistribution
aws-samples/aws-cloudformation-stackset-orchestration,MIT-0,MIT No Attribution,True,Permissive – clear for redistribution
dowjones/respawn,NOASSERTION,Other,False,No/unknown licence (NOASSERTION)
hw-labs/knife-cloudformation,NOASSERTION,Other,False,No/unknown licence (NOASSERTION)
aws-samples/aws-cloudformation-parameter-table-generator,MIT-0,MIT No Attribution,True,Permissive – clear for redistribution
theserverlessway/former,MIT,MIT License,True,Permissive – clear for redistribution
eikendev/cloud-cracking,ISC,ISC License,True,Permissive – clear for redistribution
drocamor/cloudformation-mode,NONE,HTTP 404,False,No/unknown licence (NONE)
aws-samples/aws-cfn-go-template,Apache-2.0,Apache License 2.0,True,Permissive – clear for redistribution
jheller/alb-rule,MIT,MIT License,True,Permissive – clear for redistribution
svolpe43/cfsh,Apache-2.0,Apache License 2.0,True,Permissive – clear for redistribution
mixja/cfn-lambda-handler,NOASSERTION,Other,False,No/unknown licence (NOASSERTION)
congthang1/mongodb-aws-autoscale,MIT,MIT License,True,Permissive – clear for redistribution
jennapederson/inspec-test-examples,MIT,MIT License,True,Permissive – clear for redistribution
wizage/amplify-category-template,Apache-2.0,Apache License 2.0,True,Permissive – clear for redistribution
toshi0607/s3-unzipper-go,NONE,HTTP 404,False,No/unknown licence (NONE)
gabrielmissio/cloud-crafter-cli,MIT,MIT License,True,Permissive – clear for redistribution
ACloudGuru/serverless-plugin-dynamo-autoscaling,MIT,MIT License,True,Permissive – clear for redistribution
b-b3rn4rd/ssm-ami-automation,NONE,HTTP 404,False,No/unknown licence (NONE)
arminhammer/wolkenkratzer,Apache-2.0,Apache License 2.0,True,Permissive – clear for redistribution
Gander-Framework/gander-cli,NONE,HTTP 404,False,No/unknown licence (NONE)
mbj/mrs,MIT,MIT License,True,Permissive – clear for redistribution
OrKoN/aws-lambda-nodejs-cloudformation-starter-kit,NONE,HTTP 404,False,No/unknown licence (NONE)
getcft/aws-cloudtrail-cf-template,Apache-2.0,Apache License 2.0,True,Permissive – clear for redistribution
jamesfiltness/tuneify,MIT,MIT License,True,Permissive – clear for redistribution
caylent/cloudformation,MIT,MIT License,True,Permissive – clear for redistribution
DataDog/datadog-cloudformation-macro,Apache-2.0,Apache License 2.0,True,Permissive – clear for redistribution
aws-samples/cloudformation-studio-domain,MIT-0,MIT No Attribution,True,Permissive – clear for redistribution
aws-samples/dms-cloudformation-templates-generator,MIT-0,MIT No Attribution,True,Permissive – clear for redistribution
awslabs/cloudformation-ldaps-haproxy-template,Apache-2.0,Apache License 2.0,True,Permissive – clear for redistribution
seraphjiang/aws-cors-cloudformation,MIT,MIT License,True,Permissive – clear for redistribution
bambooengineering/example-eks-oidc-iam-cloudformation,MIT,MIT License,True,Permissive – clear for redistribution
dept/cloudformation-static-site,MIT,MIT License,True,Permissive – clear for redistribution
aws-samples/aws-systemsmanagerautomation-with-asglifecyclehooks,MIT-0,MIT No Attribution,True,Permissive – clear for redistribution
JiaDe-Wu/sample-hermes-agent-on-aws-with-bedrock,MIT,MIT License,True,Permissive – clear for redistribution
svdgraaf/serverless-parameters,MIT,MIT License,True,Permissive – clear for redistribution
aws-samples/maximizing-secrets-management-with-aws-secrets-manager,MIT-0,MIT No Attribution,True,Permissive – clear for redistribution
aws-samples/aws-serverless-vending-machine,MIT-0,MIT No Attribution,True,Permissive – clear for redistribution
Versent/golang-lambda-pipeline,MIT,MIT License,True,Permissive – clear for redistribution
EricLondon/aws-ecs-docker-express-elasticsearch-nginx,NONE,HTTP 404,False,No/unknown licence (NONE)
chris-armstrong/ocaml-cfgen,MIT,MIT License,True,Permissive – clear for redistribution
maximivanov/cognito-custom-email-sender-lambda,NONE,HTTP 404,False,No/unknown licence (NONE)
aws-samples/aws-secrets-manager-secure-database-credentials,MIT-0,MIT No Attribution,True,Permissive – clear for redistribution
KablamoOSS/PyStacks,MIT,MIT License,True,Permissive – clear for redistribution
kolomiets/quickstart-jaeger,Apache-2.0,Apache License 2.0,True,Permissive – clear for redistribution
atlanhq/presto-on-aws,Apache-2.0,Apache License 2.0,True,Permissive – clear for redistribution
hellojebus/aws-lambda-go-template,NONE,HTTP 404,False,No/unknown licence (NONE)
joenye/coc-cfn-lint,MIT,MIT License,True,Permissive – clear for redistribution
nordcloud/cfn-encrypt,Apache-2.0,Apache License 2.0,True,Permissive – clear for redistribution
t04glovern/service-slayer,NONE,HTTP 404,False,No/unknown licence (NONE)
dejonghe/stack-drift-notifier,Apache-2.0,Apache License 2.0,True,Permissive – clear for redistribution
Correia-jpv/fucking-awesome-aws,NOASSERTION,Other,False,No/unknown licence (NOASSERTION)
aws-samples/integrate-your-application-with-amazon-q-business-identity-aware-apis,MIT-0,MIT No Attribution,True,Permissive – clear for redistribution
netbears/php-mysql-ecs,Apache-2.0,Apache License 2.0,True,Permissive – clear for redistribution
plus3it/cfn,NOASSERTION,Other,False,No/unknown licence (NOASSERTION)
exratione/cloudformation-deploy,MIT,MIT License,True,Permissive – clear for redistribution
spohnan/cf-cross-account-role,NONE,HTTP 404,False,No/unknown licence (NONE)
aws-samples/architecture-to-cloudformation,MIT-0,MIT No Attribution,True,Permissive – clear for redistribution
alertlogic/al-cloudformation-templates,MIT,MIT License,True,Permissive – clear for redistribution
aws-ia/cloudformation-cloudflare-resource-providers,Apache-2.0,Apache License 2.0,True,Permissive – clear for redistribution
GreenfieldTech/cloudformation-tool,GPL-2.0,GNU General Public License v2.0,True,Review NOTICE/README for dataset clause
pdhodgkinson/AWSCloudFormationTemplateReference-dash-docset,MIT,MIT License,True,Permissive – clear for redistribution
aws-actions/cloudformation-aws-iam-policy-validator,MIT-0,MIT No Attribution,True,Permissive – clear for redistribution
1Strategy/cf-cross-stack-mapping,NONE,HTTP 404,False,No/unknown licence (NONE)
rogerchi/cloudformation-s3-website-ssl-with-redirect,MIT,MIT License,True,Permissive – clear for redistribution
puresec/aws-parsecf,NOASSERTION,Other,False,No/unknown licence (NOASSERTION)
couchbaselabs/cloud-formation,NONE,HTTP 404,False,No/unknown licence (NONE)
SC5/serverless-plugin-cfauthorizer,NONE,HTTP 404,False,No/unknown licence (NONE)
jkataja/cfn-foldingathome,Apache-2.0,Apache License 2.0,True,Permissive – clear for redistribution
shekodn/bastion-poc,NONE,HTTP 404,False,No/unknown licence (NONE)
aws-samples/aws-dms-archive-data,Apache-2.0,Apache License 2.0,True,Permissive – clear for redistribution
wwbrannon/emrcfn,NONE,HTTP 404,False,No/unknown licence (NONE)
huksley/serverless-java-spring-boot,NONE,HTTP 404,False,No/unknown licence (NONE)
ulucaydin/aws-docker-swarm-cluster-deployer,NONE,HTTP 404,False,No/unknown licence (NONE)
aws-samples/amazon-sqs-samples,MIT-0,MIT No Attribution,True,Permissive – clear for redistribution
aws-samples/aws-config-custom-rule-cloudformation-guard,MIT-0,MIT No Attribution,True,Permissive – clear for redistribution
blueseph/cirrus,MIT-0,MIT No Attribution,True,Permissive – clear for redistribution
NLKNguyen/cloudformation-syntax.vim,MIT,MIT License,True,Permissive – clear for redistribution
freckle/stackctl,MIT,MIT License,True,Permissive – clear for redistribution
slouc/aws-rds-export-to-athena,NONE,HTTP 404,False,No/unknown licence (NONE)
songkick/cloud_formatter,NONE,HTTP 404,False,No/unknown licence (NONE)
aws-samples/aws-cfn-for-optimizing-aws-config-for-aws-security-hub,MIT-0,MIT No Attribution,True,Permissive – clear for redistribution
claudiacauli/CloudFORMAL,Apache-2.0,Apache License 2.0,True,Permissive – clear for redistribution
WaffleCodeApp/waffle-templates,MIT,MIT License,True,Permissive – clear for redistribution
fatangare/aws-python-shell-deploy,Apache-2.0,Apache License 2.0,True,Permissive – clear for redistribution
awslabs/aws-dynamodb-storage-monitor,MIT-0,MIT No Attribution,True,Permissive – clear for redistribution
thinow/slack-speaks-german,MIT,MIT License,True,Permissive – clear for redistribution
elias5000/clouds-aws,Apache-2.0,Apache License 2.0,True,Permissive – clear for redistribution
alanwill/cfn-core,NONE,HTTP 404,False,No/unknown licence (NONE)
caiocsgomes/template-dockerimage-cloudpipeline-iac,NONE,HTTP 404,False,No/unknown licence (NONE)
mikeng-io/aws-parsec-gaming-rig,NONE,HTTP 404,False,No/unknown licence (NONE)
aws-cloudformation/resource-schema-guard-rail,Apache-2.0,Apache License 2.0,True,Permissive – clear for redistribution
ukayani/ecs-service,MIT,MIT License,True,Permissive – clear for redistribution
stanb/Comformation,MIT,MIT License,True,Permissive – clear for redistribution
flou/brume,MIT,MIT License,True,Permissive – clear for redistribution
pataiji/cloudmagick,MIT,MIT License,True,Permissive – clear for redistribution
ModusCreateOrg/capsule,MIT,MIT License,True,Permissive – clear for redistribution
JustPLegend/aws-devops-resources,Apache-2.0,Apache License 2.0,True,Permissive – clear for redistribution
sqlxpert/step-stay-stopped-aws-rds-aurora,GPL-3.0,GNU General Public License v3.0,True,Review NOTICE/README for dataset clause
widdix/parameter-store-cloudformation-codepipeline,NONE,HTTP 404,False,No/unknown licence (NONE)
giusedroid/aws-serverless-monitoring,MIT,MIT License,True,Permissive – clear for redistribution
furqonm/solutions-architect-associate,NONE,HTTP 404,False,No/unknown licence (NONE)
dliggat/local-lambda-toolkit,MIT,MIT License,True,Permissive – clear for redistribution
AhmedAlgo/DevOps-Cloud-Infrastructure,NONE,HTTP 404,False,No/unknown licence (NONE)
Nike-Inc/cerberus-lifecycle-cli,Apache-2.0,Apache License 2.0,True,Permissive – clear for redistribution
sqlxpert/stay-stopped-aws-rds-aurora,GPL-3.0,GNU General Public License v3.0,True,Review NOTICE/README for dataset clause
kisst/CFN-CR-PythonLambdaLayer,GPL-3.0,GNU General Public License v3.0,True,Review NOTICE/README for dataset clause
zorlem/cloudformation,MIT,MIT License,True,Permissive – clear for redistribution
aws-samples/aws-proton-workshop-code,MIT-0,MIT No Attribution,True,Permissive – clear for redistribution
thinegan/cloudformation-project2,MIT,MIT License,True,Permissive – clear for redistribution
aws-samples/amazon-redshift-with-cloudformation,MIT-0,MIT No Attribution,True,Permissive – clear for redistribution
dgomesbr/atom-cform,MIT,MIT License,True,Permissive – clear for redistribution
openaddresses/deploy,NONE,HTTP 404,False,No/unknown licence (NONE)
LukeMwila/serverless-react-with-s3-cloudfront,MIT,MIT License,True,Permissive – clear for redistribution
cockroachdb/cockroachdb-cloudformation,Apache-2.0,Apache License 2.0,True,Permissive – clear for redistribution
hinnerk/cftpl,NONE,HTTP 404,False,No/unknown licence (NONE)
galaxy4public/aws-cloudformation-badges,NONE,HTTP 404,False,No/unknown licence (NONE)
mazerte/aws-cloudformation-elastic-transcoder-pipeline,NONE,HTTP 404,False,No/unknown licence (NONE)
aws-cloudformation/aws-cloudformation-resource-providers-imagebuilder,NONE,HTTP 404,False,No/unknown licence (NONE)
skymill/cumulus,Apache-2.0,Apache License 2.0,True,Permissive – clear for redistribution
ezshield/posh-awscfn,MIT,MIT License,True,Permissive – clear for redistribution
sokube/aws-eks,NONE,HTTP 404,False,No/unknown licence (NONE)
j3tm0t0/csfn,MIT,MIT License,True,Permissive – clear for redistribution
mkrn/appsync-cloudformation-quick-start,NONE,HTTP 404,False,No/unknown licence (NONE)
dliggat/fab_aws,NONE,HTTP 404,False,No/unknown licence (NONE)
royaloperahouse/stack-manager,MIT,MIT License,True,Permissive – clear for redistribution
openmarmot/aws-cft-llama-cpp,Unlicense,The Unlicense,True,Permissive – clear for redistribution
iann0036/cfn-analyse,MIT,MIT License,True,Permissive – clear for redistribution
aws-samples/aws-cloudformation-migrations,MIT-0,MIT No Attribution,True,Permissive – clear for redistribution
iann0036/cfn-guard-rules,MIT,MIT License,True,Permissive – clear for redistribution
horietakehiro/cfn-docgen,MIT,MIT License,True,Permissive – clear for redistribution
nonfx/starchitect-cloudguard,NOASSERTION,Other,False,No/unknown licence (NOASSERTION)
yyolk/cloudformation-js-yaml-schema,NONE,HTTP 404,False,No/unknown licence (NONE)
cloudreach/aws-cfn-secretstore,NOASSERTION,Other,False,No/unknown licence (NOASSERTION)
jeanphix/troposphere-cli,NONE,HTTP 404,False,No/unknown licence (NONE)
herrfeder/AI_Cybersecurity_IDS_PoC,NONE,HTTP 404,False,No/unknown licence (NONE)
ludwigm/infrastructure-graph,NONE,HTTP 404,False,No/unknown licence (NONE)
davidkelley/stack-sets,NONE,HTTP 404,False,No/unknown licence (NONE)
aws-samples/aws-cost-control-approval-workflow,MIT-0,MIT No Attribution,True,Permissive – clear for redistribution
tatobi/DASK-AWS-Kubernetes,Apache-2.0,Apache License 2.0,True,Permissive – clear for redistribution
StatusNeo/StatusNeo-101,MIT,MIT License,True,Permissive – clear for redistribution
base2Services/cfn-start-stop-stack,MIT,MIT License,True,Permissive – clear for redistribution
devenes/weather-api,MIT,MIT License,True,Permissive – clear for redistribution
aws-samples/developing-on-amazon-ecs-with-cloudformation,MIT-0,MIT No Attribution,True,Permissive – clear for redistribution
1Strategy/vpc-starter-template,Apache-2.0,Apache License 2.0,True,Permissive – clear for redistribution
rcrelia/aws-mojo,Apache-2.0,Apache License 2.0,True,Permissive – clear for redistribution
mongodb-developer/get-started-aws-cfn,Apache-2.0,Apache License 2.0,True,Permissive – clear for redistribution
aws-samples/ssm-automation-custom-ad-domain-join-unjoin,MIT-0,MIT No Attribution,True,Permissive – clear for redistribution
aws-samples/integrate-external-aws-accounts-into-iam-identity-center,MIT-0,MIT No Attribution,True,Permissive – clear for redistribution
stelligent/cfn-nag-pipeline,MIT,MIT License,True,Permissive – clear for redistribution
aws-samples/amazon-q-in-connect-s3-integration-template,MIT-0,MIT No Attribution,True,Permissive – clear for redistribution
dhth/outtasync,MIT,MIT License,True,Permissive – clear for redistribution
srcecde/aws-cloudformation-template,MIT,MIT License,True,Permissive – clear for redistribution
docker-production-aws/aws-starter,MIT,MIT License,True,Permissive – clear for redistribution
guillermo-ampie/devops-capstone,NONE,HTTP 404,False,No/unknown licence (NONE)
devenes/kubernetes-microservice-app,NONE,HTTP 404,False,No/unknown licence (NONE)
eduardoamendola/CloudFormation,NONE,HTTP 404,False,No/unknown licence (NONE)
thinegan/cloudformation-project1,MIT,MIT License,True,Permissive – clear for redistribution
LinkedInLearning/advanced-aws-cloudformation-for-enterprise-4315140,NOASSERTION,Other,False,No/unknown licence (NOASSERTION)
thinegan/cloudformation-vpc,MIT,MIT License,True,Permissive – clear for redistribution
JetBrains/teamcity-cloudformation-template,Apache-2.0,Apache License 2.0,True,Permissive – clear for redistribution
seeebiii/aws-cloudformation-templates,MIT,MIT License,True,Permissive – clear for redistribution
caussourd/public-cloudformation-templates,GPL-2.0,GNU General Public License v2.0,True,Review NOTICE/README for dataset clause
PacktPublishing/Learn-CloudFormation,MIT,MIT License,True,Permissive – clear for redistribution
Kong/jenkins-infrastructure,Apache-2.0,Apache License 2.0,True,Permissive – clear for redistribution
aws-cloudformation/aws-cloudformation-resource-providers-ecr,NONE,HTTP 404,False,No/unknown licence (NONE)
AlfrescoLabs/alfresco-cloudformation-old,Apache-2.0,Apache License 2.0,True,Permissive – clear for redistribution
cspotcode/cloudformation-declarations,NONE,HTTP 404,False,No/unknown licence (NONE)
tptodorov/sbt-cloudformation,MIT,MIT License,True,Permissive – clear for redistribution
jthomerson/cloudformation-template-for-lambda-backed-api-gateway-with-vpc-and-redis-cluster,MIT,MIT License,True,Permissive – clear for redistribution
developmentseed/kes,MIT,MIT License,True,Permissive – clear for redistribution
aws-samples/iam-password-policy-deployment-via-cloudformation-stacksets,MIT-0,MIT No Attribution,True,Permissive – clear for redistribution
SWO-GS/spot-fleet-request-example,MIT,MIT License,True,Permissive – clear for redistribution
lunarxlark/aws-cfn-snippet.vim,NONE,HTTP 404,False,No/unknown licence (NONE)
DavidWells/netlify-site-as-aws-custom-resource-example,NONE,HTTP 404,False,No/unknown licence (NONE)
aws-samples/aws-cloudformation-template-scanning-with-cloud-conformity,MIT-0,MIT No Attribution,True,Permissive – clear for redistribution
crcsmnky/aws-cfn-mongodb,NONE,HTTP 404,False,No/unknown licence (NONE)
baron42bba/aws-snippets,NONE,HTTP 404,False,No/unknown licence (NONE)
aws-samples/rosa-patterns,MIT-0,MIT No Attribution,True,Permissive – clear for redistribution
cfntools/cloudformation-graph,NONE,HTTP 404,False,No/unknown licence (NONE)
vittorio-nardone/disposable_app,GPL-2.0,GNU General Public License v2.0,True,Review NOTICE/README for dataset clause
maxkremer/cloudformation_pg_cluster,NONE,HTTP 404,False,No/unknown licence (NONE)
keyboardDrummer/cloudformation-ide-tooling,MIT,MIT License,True,Permissive – clear for redistribution
CloudSnorkel/cfm-reslib,MIT,MIT License,True,Permissive – clear for redistribution
babakDoraniArab/cloudformation_lambda_apigateway_nodejs,NONE,HTTP 404,False,No/unknown licence (NONE)
cloudsoft/aws-cfn-connector-for-terraform,NONE,HTTP 404,False,No/unknown licence (NONE)
bridgecrewio/bridgecrew-orb,MIT,MIT License,True,Permissive – clear for redistribution
stelligent/asgard-in-the-cloud,NONE,HTTP 404,False,No/unknown licence (NONE)
pkazmierczak/bora,MIT,MIT License,True,Permissive – clear for redistribution
BrianEnigma/StaticBinaries,NONE,HTTP 404,False,No/unknown licence (NONE)
comunet/aws-devsecops-cicd,Apache-2.0,Apache License 2.0,True,Permissive – clear for redistribution
flovearth/55_PhonebookWebApp_RDSonEC2,NONE,HTTP 404,False,No/unknown licence (NONE)
aws-samples/api-gateway-dynamic-publish,MIT-0,MIT No Attribution,True,Permissive – clear for redistribution
