row_index,ground_truth_path,matched,difficulty,template_empty,resource_req,resource_gen,resource_cor,resource_missing,resource_extra,resource_cov_pct,resource_acc_pct,resource_missing_list,resource_extra_list,data_req,data_gen,data_cor,data_missing,data_extra,data_cov_pct,data_acc_pct,data_missing_list,data_extra_list,variable_req,variable_gen,variable_cor,variable_missing,variable_extra,variable_cov_pct,variable_acc_pct,variable_missing_list,variable_extra_list,output_req,output_gen,output_cor,output_missing,output_extra,output_cov_pct,output_acc_pct,output_missing_list,output_extra_list
0,iac_benchmark/scenarios/terrads_202ad9eccfce,True,5,False,26,51,26,0,25,100.0,50.98,,aws_route;aws_route;aws_route;aws_route;aws_route;aws_network_acl_rule;aws_network_acl_rule;aws_network_acl_rule;aws_network_acl_rule;aws_network_acl_rule;aws_network_acl_rule;aws_network_acl_rule;aws_network_acl_rule;aws_network_acl_rule;aws_network_acl_rule;aws_network_acl_rule;aws_network_acl_rule;aws_network_acl_rule;aws_network_acl_rule;aws_network_acl_rule;aws_network_acl_rule;aws_network_acl_rule;aws_network_acl_rule;aws_network_acl_rule;aws_network_acl_rule,0,1,0,0,1,0.0,0.0,,aws_availability_zones,9,8,7,2,1,77.78,87.5,dns_resolvers;ssh_ip_addrs,ssh_ips,8,8,6,2,2,75.0,75.0,internal_dns_zone_id;ssh_securitygroup_id,home_ssh_security_group_id;private_dns_zone_id
1,iac_benchmark/scenarios/terrads_b86b0244fd6d,True,5,False,14,16,13,1,3,92.86,81.25,aws_transfer_server,aws_cloudwatch_log_group;aws_subnet;aws_vpc,1,2,0,1,2,0.0,0.0,aws_route53_zone,aws_iam_policy_document;aws_availability_zones,27,21,7,20,14,25.93,33.33,certificate_arn;api_gw_url;hosted_zone;function_arn;set_stat_option;logging_role;storage_type;sftp_users_ssh_key;sftp_users;name;passive_ip;sftp_sub_domain;sftp_type;invocation_role;cloudwatch_log_group_arns;endpoint_details;tls_session_resumption_mode;force_destroy;as2_transports;directory_id,as2_transport;vpc_id;api_gateway_url;subdomain;address_allocation_ids;logging_role_arn;server_name;cloudwatch_log_group_name;certificate;route53_zone_id;ssh_public_keys;subnet_ids;users;endpoint_type,6,6,1,5,5,16.67,16.67,id;sftp_eip;domain_name;arn;sftp_sg_id,security_group_id;elastic_ips;server_arn;server_id;custom_dns
2,iac_benchmark/scenarios/terrads_dc2f8b198974,True,2,False,3,9,3,0,6,100.0,33.33,,aws_s3_bucket_server_side_encryption_configuration;aws_kms_alias;aws_s3_bucket_public_access_block;aws_s3_bucket_versioning;aws_s3_bucket;aws_kms_key,0,1,0,0,1,0.0,0.0,,aws_caller_identity,20,14,5,15,9,25.0,35.71,athena_named_query_name;athena_workgroup_description;athena_workgroup_configuration;athena_database_encryption_configuration;athena_workgroup_force_destroy;athena_workgroup_name;athena_named_query_description;athena_named_query_query;athena_database_force_destroy;athena_database_bucket;athena_database_name;athena_named_query_workgroup;name;athena_workgroup_state;athena_named_query_database,kms_key_arn;named_query_name;publish_cloudwatch_metrics_enabled;name_prefix;workgroup_state;bytes_scanned_cutoff_per_query;named_query_description;query;workgroup_description,4,4,4,0,0,100.0,100.0,,
3,iac_benchmark/scenarios/terrads_78b2234acc8f,True,3,False,9,9,9,0,0,100.0,100.0,,,3,5,0,3,5,0.0,0.0,aws_iam_policy_document;aws_iam_policy_document;aws_iam_policy_document,aws_iam_policy;aws_iam_policy;aws_iam_policy;aws_iam_policy;aws_iam_policy,2,2,2,0,0,100.0,100.0,,,12,12,0,12,12,0.0,0.0,ec2_instance_profile_name;ec2_role_arn;emr_role_name;ec2_autoscaling_role_unique_id;ec2_autoscaling_role_arn;emr_role_arn;ec2_instance_profile_arn;emr_role_unique_id;ec2_role_name;ec2_role_unique_id;ec2_autoscaling_role_name;ec2_instance_profile_id,emr_service_role_arn;emr_ec2_role_arn;emr_service_role_unique_id;emr_autoscaling_role_unique_id;emr_autoscaling_role_arn;emr_service_role_name;emr_ec2_instance_profile_id;emr_ec2_instance_profile_name;emr_ec2_role_unique_id;emr_ec2_instance_profile_arn;emr_autoscaling_role_name;emr_ec2_role_name
5,iac_benchmark/scenarios/terrads_03d965f3bc67,True,1,False,2,2,2,0,0,100.0,100.0,,,2,2,1,1,1,50.0,50.0,aws_iam_policy_document,aws_region,1,1,0,1,1,0.0,0.0,alias,kms_key_alias,2,2,1,1,1,50.0,50.0,cmk_alias,cmk_alias_name
6,iac_benchmark/scenarios/terrads_5ba7cf5050e6,True,1,False,2,3,1,1,2,50.0,33.33,aws_iam_role_policy,aws_iam_role_policy_attachment;aws_iam_policy,0,2,0,0,2,0.0,0.0,,aws_iam_policy_document;aws_iam_policy_document,1,1,1,0,0,100.0,100.0,,,0,0,0,0,0,100.0,100.0,,
7,iac_benchmark/scenarios/terrads_7b39dda6d5f9,True,4,False,11,16,10,1,6,90.91,62.5,aws_iam_role_policy_attachment,aws_cloudwatch_event_target;aws_cloudwatch_event_target;aws_cloudwatch_event_target;aws_cloudwatch_event_rule;aws_cloudwatch_event_rule;aws_cloudwatch_event_rule,6,0,0,6,0,0.0,0.0,aws_iam_policy_document;aws_iam_policy_document;aws_iam_policy_document;aws_iam_policy_document;aws_caller_identity;aws_partition,,35,10,2,33,8,5.71,20.0,iam_role_name;iam_role_description;iam_role_tags;irsa_tag_key;irsa_permissions_boundary_arn;irsa_description;create;irsa_path;irsa_ssm_parameter_arns;irsa_name;create_iam_role;enable_spot_termination;iam_role_attach_cni_policy;queue_kms_data_key_reuse_period_seconds;iam_role_use_name_prefix;queue_name;iam_role_permissions_boundary;tags;iam_role_additional_policies;create_irsa;irsa_namespace_service_accounts;iam_role_arn;irsa_max_session_duration;iam_role_max_session_duration;queue_kms_master_key_id;create_instance_profile;queue_managed_sse_enabled;irsa_use_name_prefix;irsa_assume_role_condition_test;irsa_oidc_provider_arn;irsa_subnet_account_id;irsa_tags;iam_role_path,create_node_role;create_instance_state_change_rule;oidc_provider_arn;create_spot_interruption_rule;create_irsa_role;extra_node_policy_arns;create_rebalance_rule;create_health_event_rule,14,12,3,11,9,21.43,25.0,queue_name;instance_profile_id;role_name;queue_url;queue_arn;instance_profile_unique;irsa_arn;irsa_name;irsa_unique_id;role_unique_id;role_arn,irsa_role_arn;instance_profile_unique_id;sqs_queue_arn;node_role_unique_id;sqs_queue_url;irsa_role_unique_id;node_role_name;irsa_role_name;node_role_arn
8,iac_benchmark/scenarios/gh_3ec69cfa,True,3,False,4,11,4,0,7,100.0,36.36,,aws_subnet;aws_security_group;aws_kms_alias;aws_route_table_association;aws_vpc;aws_route_table;aws_kms_key,0,3,0,0,3,0.0,0.0,,aws_region;aws_caller_identity;aws_availability_zones,25,16,2,23,14,8.0,12.5,enable_efs_access_point;efs_access_point_root_directory;efs_mount_target_subnet_ids;enable_efs_file_system_policy;enable_efs_file_system;efs_file_system_performance_mode;efs_mount_target_file_system_id;name;efs_file_system_throughput_mode;efs_access_point_posix_user;efs_mount_target_ip_address;efs_access_point_name;efs_file_system_provisioned_throughput_in_mibps;efs_file_system_encrypted;efs_file_system_policy_policy;efs_mount_target_security_groups;efs_file_system_lifecycle_policy;efs_file_system_creation_token;enable_efs_mount_target;efs_file_system_name;efs_file_system_policy_file_system_id;efs_file_system_kms_key_id;efs_access_point_file_system_id,mount_target_ips;vpc_cidr;performance_mode;name_prefix;lifecycle_policies;create_file_system_policy;file_system_policy_json;access_point_posix_user;create_mount_targets;create_access_point;enable_encryption;provisioned_throughput_in_mibps;access_point_root_directory;throughput_mode,16,14,0,16,14,0.0,0.0,efs_file_system_policy_id;efs_mount_target_mount_target_dns_name;efs_file_system_dns_name;efs_access_point_id;efs_mount_target_id;efs_mount_target_dns_name;efs_mount_target_network_interface_id;efs_file_system_id;efs_mount_target_availability_zone_id;efs_access_point_arn;efs_mount_target_owner_id;efs_mount_target_availability_zone_name;efs_access_point_file_system_arn;efs_file_system_arn;efs_mount_target_file_system_arn;efs_file_system_kms_key_id,file_system_id;access_point_id;mount_target_ids;dns_name;access_point_arn;mount_target_dns_names;mount_target_network_interface_ids;file_system_policy_id;mount_target_owner_id;kms_key_id;access_point_file_system_arn;mount_target_availability_zone_name;file_system_arn;mount_target_availability_zone_id
9,iac_benchmark/scenarios/terrads_6ec75c3ea43a,True,3,False,10,10,10,0,0,100.0,100.0,,,0,0,0,0,0,100.0,100.0,,,19,9,1,18,8,5.26,11.11,vpc_cidr_block;public_sb_name;subnet_a_public;byoip_pool_name;subnet_c_public;subnet_b_public;subnet_b_cidr_block;subnet_a_name;route_tb_name;subnet_c_cidr_block;subnet_c_name;nat_gw_name;subnet_c_az;subnet_a_cidr_block;internetgw_name;subnet_a_az;subnet_b_az;subnet_b_name,eip_name;sg_name;nat_gateway_name;private_subnet_c_name;private_subnet_b_name;public_route_table_name;igw_name;public_subnet_a_name,1,1,0,1,1,0.0,0.0,nat_public_ip,nat_gateway_public_ip
10,iac_benchmark/scenarios/terrads_6f2cb595a46a,True,2,False,2,8,2,0,6,100.0,25.0,,random_id;aws_s3_bucket_server_side_encryption_configuration;aws_s3_bucket_public_access_block;aws_s3_bucket_object_lock_configuration;aws_s3_bucket_versioning;aws_kms_key,1,1,1,0,0,100.0,100.0,,,5,5,1,4,4,20.0,20.0,tags;bucket_force_destroy;bucket;bucket_object_lock_enabled,force_destroy;object_lock_default_retention;bucket_name;object_lock_enabled,2,2,2,0,0,100.0,100.0,,
11,iac_benchmark/scenarios/terrads_ce6129ad593e,True,1,False,2,6,2,0,4,100.0,33.33,,aws_s3_bucket_server_side_encryption_configuration;aws_s3_bucket_public_access_block;aws_s3_bucket_versioning;aws_kms_key,0,0,0,0,0,100.0,100.0,,,0,0,0,0,0,100.0,100.0,,,2,2,0,2,2,0.0,0.0,s3_bucket_arn;dynamodb_table_name,state_bucket_arn;lock_table_name
12,iac_benchmark/scenarios/terrads_5a206a75e8f1,True,4,False,23,22,8,15,14,34.78,36.36,aws_security_group_rule;aws_security_group_rule;aws_security_group_rule;aws_security_group_rule;aws_security_group_rule;aws_security_group_rule;aws_security_group_rule;aws_security_group_rule;aws_security_group_rule;aws_security_group_rule;aws_security_group_rule;aws_security_group_rule;aws_security_group_rule;aws_security_group_rule;aws_security_group_rule,aws_secretsmanager_secret_version;aws_subnet;aws_subnet;aws_secretsmanager_secret;aws_route_table_association;aws_route_table_association;aws_route_table_association;aws_route_table_association;aws_db_subnet_group;aws_internet_gateway;aws_db_instance;random_password;aws_route_table;aws_route_table,0,1,0,0,1,0.0,0.0,,aws_availability_zones,0,0,0,0,0,100.0,100.0,,,1,0,0,1,0,0.0,0.0,rds_security_group,
14,iac_benchmark/scenarios/terrads_0ee2a2760917,True,3,False,5,5,4,1,1,80.0,80.0,aws_route53_hosted_zone_dnssec,aws_route53_zone_association,1,0,0,1,0,0.0,0.0,aws_caller_identity,,28,9,8,20,1,28.57,88.89,delimiter;id_length_limit;enable_dnssec;label_key_case;enabled;default_ttl;label_value_case;terragrunt_tags;tenant;labels_as_tags;create_phz;regex_replace_chars;stage;additional_tag_map;label_order;zone_name;context;zone_id;allow_overwrite;descriptor_formats,zone_names,4,1,0,4,1,0.0,0.0,route53_record_fqdn;zone;vpc_id;route53_record_name,zone_details
15,iac_benchmark/scenarios/terrads_5b4e0301422a,True,3,False,5,5,4,1,1,80.0,80.0,random_string,random_password,1,2,1,0,1,100.0,50.0,,aws_iam_policy_document,3,2,2,1,0,66.67,100.0,region,,4,4,4,0,0,100.0,100.0,,
16,iac_benchmark/scenarios/terrads_44273facf721,True,2,False,3,3,3,0,0,100.0,100.0,,,1,0,0,1,0,0.0,0.0,aws_vpc_endpoint_service,,13,11,5,8,6,38.46,45.45,security_group_tags;create;security_group_description;security_group_ids;security_group_rules;subnet_ids;security_group_name;security_group_name_prefix,sg_name;default_security_group_ids;sg_name_prefix;sg_description;sg_rules;default_subnet_ids,3,3,3,0,0,100.0,100.0,,
17,iac_benchmark/scenarios/terrads_82f0be7b1d92,True,2,False,2,2,2,0,0,100.0,100.0,,,4,5,4,0,1,100.0,80.0,,aws_region,12,12,5,7,7,41.67,41.67,role_name;role_policy_arns;role_permissions_boundary_arn;role_description;role_path;role_name_prefix;cluster_service_accounts,oidc_fully_qualified_subjects;permissions_boundary;path;description;name_prefix;name;policy_arns,4,4,0,4,4,0.0,0.0,iam_role_name;iam_role_unique_id;iam_role_arn;iam_role_path,unique_id;name;arn;path
21,iac_benchmark/scenarios/terrads_481495886a47,True,4,False,15,19,15,0,4,100.0,78.95,,aws_route;aws_route;aws_route;aws_route,0,0,0,0,0,100.0,100.0,,,10,4,3,7,1,30.0,75.0,vpc_cidr;tgw_id;admin_port;tag-env;tgw_rt-propagation_id;region;tgw_rt-association_id,availability_zone,6,15,1,5,14,16.67,6.67,fgt_ni_ips;subnet_az1_cidrs;fgt_ni_ids;nsg_ids;subnet_az1_ids,private_subnet_cidr;public_subnet_cidr;bastion_subnet_cidr;private_eni_private_ip;bastion_subnet_id;private_subnet_id;private_eni_id;private_sg_id;public_subnet_id;public_eni_id;public_eni_private_ip;public_sg_id;bastion_sg_id;allow_all_sg_id
22,iac_benchmark/scenarios/terrads_ab29a89ae386,True,2,False,4,9,4,0,5,100.0,44.44,,aws_s3_bucket_server_side_encryption_configuration;aws_s3_bucket_public_access_block;aws_wafv2_web_acl;aws_s3_bucket_versioning;aws_kms_key,0,1,0,0,1,0.0,0.0,,aws_caller_identity,1,1,0,1,1,0.0,0.0,s3_bucket_name,bucket_name,2,2,2,0,0,100.0,100.0,,
23,iac_benchmark/scenarios/terrads_58f26dd6c6d9,True,2,False,8,8,8,0,0,100.0,100.0,,,0,1,0,0,1,0.0,0.0,,aws_availability_zones,0,0,0,0,0,100.0,100.0,,,0,0,0,0,0,100.0,100.0,,
24,iac_benchmark/scenarios/gh_48c5e87c,True,3,False,5,17,5,0,12,100.0,29.41,,aws_secretsmanager_secret_version;aws_s3_bucket_server_side_encryption_configuration;aws_iam_role_policy;aws_iam_role_policy;aws_iam_role_policy;aws_s3_bucket_versioning;aws_s3_bucket;aws_iam_role;aws_iam_role;aws_iam_role;aws_secretsmanager_secret;aws_s3_bucket_public_access_block,0,0,0,0,0,100.0,100.0,,,56,44,1,55,43,1.79,2.27,sns_topic_kms_master_key_id;sns_topic_http_success_feedback_role_arn;sns_platform_application_platform_principal;sns_topic_policy_policy;sns_platform_application_platform_credential;sns_topic_application_success_feedback_role_arn;enable_sns_topic_policy;sns_topic_http_success_feedback_sample_rate;sns_sms_preferences_monthly_spend_limit;sns_application_success_feedback_role_arn;sns_topic_sqs_success_feedback_role_arn;name;sns_sms_preferences_delivery_status_success_sampling_rate;sns_platform_application_event_endpoint_updated_topic_arn;sns_topic_sqs_success_feedback_sample_rate;sns_topic_subscription_filter_policy;sns_topic_subscription_sns_endpoints;sns_sms_preferences_default_sender_id;sns_topic_policy_topic_arn;sns_topic_application_failure_feedback_role_arn;sns_platform_application_event_endpoint_deleted_topic_arn;sns_topic_lambda_failure_feedback_role_arn;enable_sns_topic;sns_topic_lambda_success_feedback_sample_rate;sns_platform_application_failure_feedback_role_arn;sns_topic_lambda_success_feedback_role_arn;enable_sns_platform_application;sns_topic_sqs_failure_feedback_role_arn;sns_platform_application_event_endpoint_created_topic_arn;sns_sms_preferences_delivery_status_iam_role_arn;sns_platform_application_name;sns_platform_application_success_feedback_sample_rate;enable_sns_topic_subscription;sns_topic_subscription_topic_arn;sns_topic_application_success_feedback_sample_rate;sns_application_success_feedback_sample_rate;enable_sns_sms_preferences;sns_application_failure_feedback_role_arn;sns_topic_policy;sns_sms_preferences_usage_report_s3_bucket;sns_topic_name_prefix;sns_topic_subscription_sns_protocol;tags;sns_topic_subscription_confirmation_timeout_in_minutes;sns_topic_subscription_endpoint_auto_confirms;sns_topic_name;sns_topic_http_failure_feedback_role_arn;sns_topic_delivery_policy;sns_topic_subscription_delivery_policy;sns_topic_subscription_raw_message_delivery;sns_platform_application_platform;sns_platform_application_event_delivery_failure_topic_arn;sns_topic_display_name;sns_sms_preferences_default_sms_type;sns_platform_application_success_feedback_role_arn,topic_application_success_feedback_role_arn;platform_success_feedback_sample_rate;topic_http_failure_feedback_role_arn;platform;topic_sqs_success_feedback_sample_rate;topic_kms_master_key_id;platform_failure_feedback_role_arn;topic_application_success_feedback_sample_rate;sms_delivery_status_iam_role_arn;subscriptions;platform_application_name;create_topic;topic_sqs_success_feedback_role_arn;platform_event_delivery_failure_topic_arn;create_subscriptions;topic_http_success_feedback_sample_rate;platform_event_endpoint_updated_topic_arn;platform_success_feedback_role_arn;platform_event_endpoint_created_topic_arn;platform_credential;create_feedback_roles;topic_name;topic_sqs_failure_feedback_role_arn;topic_application_failure_feedback_role_arn;create_platform_application;platform_event_endpoint_deleted_topic_arn;create_sms_delivery_role;topic_iam_policy_document;create_topic_policy;topic_lambda_failure_feedback_role_arn;name_prefix;sms_monthly_spend_limit;sms_default_sms_type;topic_lambda_success_feedback_role_arn;topic_display_name;sms_default_sender_id;topic_http_success_feedback_role_arn;platform_principal;topic_delivery_policy;custom_tags;create_sms_preferences;sms_usage_report_s3_bucket_name;topic_lambda_success_feedback_sample_rate,8,7,2,6,5,25.0,28.57,sns_topic_subscription_id;sns_topic_subscription_topic_arn;sns_topic_subscription_endpoint;sns_topic_policy_id;sns_topic_subscription_arn;sns_topic_subscription_protocol,subscription_arn;subscription_protocol;subscription_id;subscription_endpoint;subscription_topic_arn
25,iac_benchmark/scenarios/terrads_9da16fbef056,True,3,False,5,5,5,0,0,100.0,100.0,,,2,1,0,2,1,0.0,0.0,aws_ec2_transit_gateway;aws_ec2_transit_gateway_route_table,aws_availability_zones,12,13,7,5,6,58.33,53.85,id;asn;shared_principals;create;name,transit_gateway_name;default_route_table_propagation;default_route_table_association;amazon_side_asn;create_transit_gateway;ram_principal_accounts,3,3,2,1,1,66.67,66.67,name,transit_gateway_name_tag
26,iac_benchmark/scenarios/gh_5739d878,True,1,False,2,2,2,0,0,100.0,100.0,,,0,0,0,0,0,100.0,100.0,,,2,1,1,1,0,50.0,100.0,aws_region,,1,1,0,1,1,0.0,0.0,from_ports,applied_ingress_ports
27,iac_benchmark/scenarios/terrads_f4a7220aad2b,True,1,False,4,12,4,0,8,100.0,33.33,,aws_subnet;aws_nat_gateway;aws_route_table_association;aws_route_table_association;aws_internet_gateway;aws_eip;aws_route_table;aws_route_table,1,2,1,0,1,100.0,50.0,,aws_availability_zones,0,0,0,0,0,100.0,100.0,,,0,0,0,0,0,100.0,100.0,,
28,iac_benchmark/scenarios/terrads_769ce0507d70,True,2,False,3,7,3,0,4,100.0,42.86,,aws_subnet;aws_route_table_association;aws_vpc;aws_route_table,1,2,0,1,2,0.0,0.0,aws_vpc_endpoint_service,aws_region;aws_availability_zones,13,8,8,5,0,61.54,100.0,vpc_id;timeouts;create;security_group_ids;subnet_ids,,3,3,2,1,1,66.67,66.67,endpoints,vpc_endpoint_resources
29,iac_benchmark/scenarios/terrads_6f0b78972620,True,2,False,4,7,4,0,3,100.0,57.14,,aws_iam_role_policy_attachment;aws_iam_role_policy_attachment;aws_iam_role_policy_attachment,3,0,0,3,0,0.0,0.0,aws_iam_policy_document;aws_iam_policy_document;aws_iam_policy_document,,0,0,0,0,0,100.0,100.0,,,0,0,0,0,0,100.0,100.0,,
30,iac_benchmark/scenarios/terrads_312c1441c0ad,True,1,False,2,5,2,0,3,100.0,40.0,,aws_s3_bucket_server_side_encryption_configuration;aws_kms_key;aws_s3_bucket_public_access_block,0,1,0,0,1,0.0,0.0,,aws_caller_identity,2,2,0,2,2,0.0,0.0,bucket_count;read_or_write,ipaas_transfer_enabled;number_of_buckets,0,0,0,0,0,100.0,100.0,,
31,iac_benchmark/scenarios/terrads_25476de431a3,True,4,False,8,13,6,2,7,75.0,46.15,random_string;aws_iam_policy_attachment,aws_s3_bucket_server_side_encryption_configuration;aws_s3_bucket_versioning;aws_s3_object;aws_iam_user_policy_attachment;random_integer;random_integer;aws_kms_key,1,3,1,0,2,100.0,33.33,,aws_caller_identity;aws_iam_policy_document,15,6,3,12,3,20.0,50.0,s3_folder;zedcloud_image_name;create_iam_user;path;image_filename;random_suffix;image_format;aws_iam_username;force_destroy;zedcloud_datastore_name;aws_iam_policy;random_string_length,user_name;enable_bucket_suffix;enable_user_suffix,12,10,2,10,8,16.67,20.0,s3_fqdn_path_url;s3_image_name;zcli_datastore_command_fmt;s3_bucket_path;zcli_image_command_fmt;s3_fqdn_virtual_url;aws_access_secret;s3_region_name;aws_access_key_id;s3_bucket_name,bucket_path;path_style_url;region;bucket_name;image_filename;iam_secret_access_key;iam_access_key_id;virtual_hosted_style_url
32,iac_benchmark/scenarios/gh_75c55509,True,4,False,8,24,7,1,17,87.5,29.17,aws_route53_zone_association,aws_route_table;aws_cloudwatch_log_group;aws_lb_listener;aws_route53_record;aws_route53_record;aws_route53_record;aws_route53_record;aws_route53_record;aws_route53_record;aws_lb_target_group;aws_lb;aws_subnet;aws_security_group;aws_route_table_association;aws_internet_gateway;aws_vpc;aws_kms_key,0,2,0,0,2,0.0,0.0,,aws_caller_identity;aws_availability_zones,62,15,1,61,14,1.61,6.67,route53_record_failover_routing_policy;enable_route53_delegation_set;route53_record_health_check_id;route53_record_geolocation_routing_policy;route53_health_check_cloudwatch_alarm_name;enable_route53_record;route53_key_signing_key_status;route53_zone_association_zone_id;route53_record_multivalue_answer_routing_policy;route53_zone_delegation_set_id;route53_zone_comment;route53_zone_force_destroy;route53_key_signing_key_key_management_service_arn;route53_record_alias;name;route53_health_check_fqdn;route53_health_check_invert_healthcheck;route53_health_check_type;route53_health_check_request_interval;route53_health_check_search_string;route53_health_check_disabled;route53_vpc_association_authorization_zone_id;route53_health_check_reference_name;route53_health_check_port;enable_route53_vpc_association_authorization;route53_health_check_cloudwatch_alarm_region;route53_health_check_failure_threshold;route53_record_parent_zone_id;route53_record_records;route53_zone_name;enable_route53_health_check;enable_route53_query_log;route53_record_allow_overwrite;route53_key_signing_key_name;route53_zone_vpc;route53_record_weighted_routing_policy;route53_health_check_measure_latency;route53_health_check_enable_sni;route53_record_ttl;route53_zone_association_vpc_region;enable_route53_key_signing_key;route53_zone_association_vpc_id;route53_record_latency_routing_policy;route53_health_check_regions;enable_route53_zone;route53_health_check_name;route53_record_set_identifier;route53_query_log_cloudwatch_log_group_arn;route53_delegation_set_reference_name;enable_route53_zone_association;route53_query_log_zone_id;route53_health_check_insufficient_data_health_status;route53_vpc_association_authorization_vpc_id;route53_health_check_child_healthchecks;tags;route53_record_name;route53_record_type;route53_health_check_resource_path;route53_key_signing_key_hosted_zone_id;route53_health_check_child_health_threshold;route53_health_check_ip_address,enable_delegation_set;aws_region;enable_health_check;enable_alias_record;enable_latency_record;enable_private_zone;enable_query_logging;enable_geolocation_record;enable_vpc_association_authorization;name_prefix;enable_multivalue_record;enable_failover_record;enable_dnssec;enable_weighted_record,25,21,0,25,21,0.0,0.0,route53_zone_association_vpc_region;route53_delegation_set_id;route53_key_signing_key_digest_algorithm_type;route53_zone_association_vpc_id;route53_query_log_id;route53_key_signing_key_key_tag;route53_delegation_set_name_servers;aws_route53_zone_id;route53_key_signing_key_flag;route53_zone_association_zone_id;route53_key_signing_key_digest_algorithm_mnemonic;route53_zone_association_id;route53_key_signing_key_digest_value;route53_key_signing_key_ds_record;route53_key_signing_key_signing_algorithm_type;route53_vpc_association_authorization_id;aws_route53_zone_zone_id;route53_record_name;route53_key_signing_key_public_key;route53_record_fqdn;route53_key_signing_key_dnskey_record;route53_key_signing_key_id;route53_key_signing_key_signing_algorithm_mnemonic;route53_health_check_id;aws_route53_zone_name_servers,vpc_association_authorization_id;delegation_set_id;key_signing_key_digest_algorithm_type;vpc_id;delegation_set_name_servers;key_signing_key_signing_algorithm_mnemonic;vpc_region;key_signing_key_digest_value;health_check_id;hosted_zone_id;key_signing_key_signing_algorithm_type;key_signing_key_flag;key_signing_key_ds_record;query_log_id;zone_association_id;key_signing_key_dnskey_record;name_servers;zone_id;key_signing_key_key_tag;key_signing_key_digest_algorithm_mnemonic;key_signing_key_public_key
34,iac_benchmark/scenarios/gh_92c96bde,True,2,False,2,9,2,0,7,100.0,22.22,,aws_s3_bucket_server_side_encryption_configuration;aws_cloudfront_origin_access_identity;aws_s3_bucket_public_access_block;aws_wafv2_web_acl;aws_s3_bucket_policy;aws_kms_key;aws_s3_bucket_cors_configuration,0,0,0,0,0,100.0,100.0,,,2,2,1,1,1,50.0,50.0,access_cert,acm_certificate_arn,0,0,0,0,0,100.0,100.0,,
35,iac_benchmark/scenarios/terrads_c4044d1c9fd4,True,1,False,3,3,3,0,0,100.0,100.0,,,0,2,0,0,2,0.0,0.0,,aws_iam_policy_document;aws_iam_policy_document,0,0,0,0,0,100.0,100.0,,,0,0,0,0,0,100.0,100.0,,
36,iac_benchmark/scenarios/terrads_54aa27d47fd9,True,3,False,4,8,4,0,4,100.0,50.0,,aws_iam_role;aws_kms_alias;aws_iam_role_policy;aws_kms_key,2,4,2,0,2,100.0,50.0,,aws_iam_policy_document;aws_iam_policy_document,25,12,8,17,4,32.0,66.67,use_name_prefix;tags;sqs_feedback;override_topic_policy_documents;firehose_feedback;topic_policy;create_topic_policy;http_feedback;source_topic_policy_documents;application_feedback;create_subscription;lambda_feedback;enable_default_topic_policy;name;kms_master_key_id;topic_policy_statements;signature_version,environment;topic_name;kms_key_alias;custom_topic_policy_statements,5,5,1,4,4,20.0,20.0,topic_owner;topic_name;topic_id;topic_arn,sns_topic_id;sns_topic_owner;sns_topic_arn;sns_topic_name
37,iac_benchmark/scenarios/gh_4005bfbf,True,2,False,2,2,2,0,0,100.0,100.0,,,0,0,0,0,0,100.0,100.0,,,9,7,0,9,7,0.0,0.0,environment;iam_openid_connect_provider_client_id_list;enable_iam_saml_provider;iam_saml_provider_name;enable_iam_openid_connect_provider;name;iam_openid_connect_provider_url;iam_openid_connect_provider_thumbprint_list;iam_saml_provider_saml_metadata_document,oidc_client_id_list;saml_provider_name;enable_saml_provider;oidc_thumbprint_list;enable_oidc_provider;saml_metadata_document;oidc_url,4,4,0,4,4,0.0,0.0,iam_openid_connect_provider_id;iam_saml_provider_arn;iam_openid_connect_provider_arn;iam_saml_provider_valid_until,oidc_provider_arn;saml_provider_valid_until;oidc_provider_id;saml_provider_arn
38,iac_benchmark/scenarios/terrads_bd569c9de42b,True,4,False,10,7,4,6,3,40.0,57.14,aws_iam_policy;aws_iam_policy;aws_iam_policy;aws_iam_group_policy_attachment;aws_iam_group_policy_attachment;aws_iam_group_policy_attachment,aws_iam_group_policy;aws_iam_group_policy;aws_iam_group_policy,3,2,2,1,0,66.67,100.0,aws_caller_identity,,10,0,0,10,0,0.0,0.0,tags;password_reuse_prevention;require_symbols;require_numbers;require_uppercase_characters;require_lowercase_characters;hard_expiry;minimum_password_length;max_password_age;allow_users_to_change_password,,1,2,0,1,2,0.0,0.0,all_groups_names,group_names;managed_policy_arns
39,iac_benchmark/scenarios/gh_ec4a5e98,True,2,False,10,10,9,1,1,90.0,90.0,aws_iam_policy_attachment,aws_iam_role_policy_attachment,0,2,0,0,2,0.0,0.0,,aws_iam_policy_document;aws_iam_policy_document,0,0,0,0,0,100.0,100.0,,,0,0,0,0,0,100.0,100.0,,
40,iac_benchmark/scenarios/terrads_9ffbd7231422,True,1,False,2,2,2,0,0,100.0,100.0,,,2,2,2,0,0,100.0,100.0,,,1,1,1,0,0,100.0,100.0,,,2,2,0,2,2,0.0,0.0,cmk_arn;cmk_alias,key_arn;alias_name
41,iac_benchmark/scenarios/terrads_fa8106c90954,True,3,False,6,2,2,4,0,33.33,100.0,aws_iam_role_policy_attachment;aws_iam_role_policy_attachment;aws_iam_role;aws_iam_role,,4,1,1,3,0,25.0,100.0,aws_iam_policy_document;aws_iam_policy_document;aws_partition,,28,2,0,28,2,0.0,0.0,admin_role_requires_mfa;poweruser_role_permissions_boundary_arn;trusted_role_services;readonly_role_requires_mfa;readonly_role_permissions_boundary_arn;max_session_duration;create_readonly_role;poweruser_role_requires_mfa;create_poweruser_role;poweruser_role_tags;readonly_role_name;admin_role_name;admin_role_permissions_boundary_arn;poweruser_role_name;poweruser_role_path;readonly_role_tags;mfa_age;force_detach_policies;allow_self_assume_role;trusted_role_actions;admin_role_path;poweruser_role_policy_arns;trusted_role_arns;create_admin_role;readonly_role_path;admin_role_tags;readonly_role_policy_arns;admin_role_policy_arns,region;roles,15,5,0,15,5,0.0,0.0,admin_iam_role_name;readonly_iam_role_requires_mfa;admin_iam_role_requires_mfa;poweruser_iam_role_arn;poweruser_iam_role_path;admin_iam_role_unique_id;readonly_iam_role_unique_id;poweruser_iam_role_requires_mfa;readonly_iam_role_path;admin_iam_role_path;admin_iam_role_arn;readonly_iam_role_arn;poweruser_iam_role_name;poweruser_iam_role_unique_id;readonly_iam_role_name,role_names;role_mfa_requirement;role_unique_ids;role_paths;role_arns
42,iac_benchmark/scenarios/terrads_3c85773c9eab,True,4,False,10,14,8,2,6,80.0,57.14,null_resource;local_file,aws_sns_topic;aws_lambda_function;aws_cloudwatch_metric_alarm;aws_lambda_alias;aws_sns_topic_policy;aws_kms_key,6,1,0,6,1,0.0,0.0,aws_lambda_function;aws_iam_role;aws_iam_policy_document;aws_iam_policy_document;aws_iam_policy_document;aws_lambda_alias,archive_file,35,13,5,30,8,14.29,38.46,create_deployment;run_deployment;auto_rollback_events;create_codedeploy_role;create_app;save_deploy_script;codedeploy_role_name;create_deployment_group;force_deploy;create;triggers;alarm_enabled;interpreter;aws_cli_command;attach_hooks_policy;tags;attach_triggers_policy;use_existing_app;alarm_ignore_poll_alarm_failure;target_version;description;use_existing_deployment_group;auto_rollback_enabled;wait_deployment_completion;alarms;function_name;codedeploy_principals;current_version;alias_name;get_deployment_sleep_timer,sns_topic_arn;service_role_name;lambda_function_name;create_sns_policy;create_hook_policy;sns_topic_name;create_codedeploy_app;lambda_alias_name,9,0,0,9,0,0.0,0.0,deploy_script;appspec_content;codedeploy_deployment_group_name;codedeploy_app_name;appspec;appspec_sha256;codedeploy_deployment_group_id;script;codedeploy_iam_role_name,
43,iac_benchmark/scenarios/terrads_2a8715e9108a,True,4,False,10,16,9,1,7,90.0,56.25,aws_s3_bucket_object,aws_s3_bucket_server_side_encryption_configuration;aws_s3_bucket_server_side_encryption_configuration;aws_s3_bucket_lifecycle_configuration;aws_s3_bucket_logging;aws_s3_bucket_versioning;aws_s3_bucket_versioning;aws_s3_object,1,4,1,0,3,100.0,25.0,,aws_region;aws_iam_policy_document;aws_iam_policy_document,5,0,0,5,0,0.0,0.0,environment;tfstate_lock_table_name;aws_region;tfstate_bucket_name_prefix;s3_logs_bucket_name_prefix,,3,3,2,1,1,66.67,66.67,caller_user,caller_user_id
44,iac_benchmark/scenarios/terrads_0d32a4ad7186,True,1,False,6,6,5,1,1,83.33,83.33,aws_s3_bucket_acl,aws_kms_key,0,0,0,0,0,100.0,100.0,,,0,0,0,0,0,100.0,100.0,,,0,0,0,0,0,100.0,100.0,,
45,iac_benchmark/scenarios/terrads_1376de37aca5,True,4,False,12,11,4,8,7,33.33,36.36,aws_iam_group_policy_attachment;aws_iam_group_policy_attachment;aws_iam_group_policy_attachment;aws_iam_group_membership;aws_iam_group_membership;aws_iam_policy;aws_iam_policy;aws_iam_policy,aws_iam_user;aws_iam_user;aws_iam_user_group_membership;aws_iam_user_group_membership;aws_iam_group_policy;aws_iam_group_policy;aws_iam_group_policy,4,5,4,0,1,100.0,80.0,,aws_iam_policy_document,8,8,7,1,1,87.5,87.5,admin_name,admin_group_name,13,13,0,13,13,0.0,0.0,group_admin_users;group_other_path;group_other_arn;group_admin_arn;group_admin_path;group_other_users;group_admin_name;role_admin_arn;role_admin_id;role_admin_name;group_admin_id;group_other_id;group_other_name,admin_role_arn;admin_group_arn;admin_role_id;other_group_name;admin_group_name;admin_role_name;other_group_users;admin_group_path;other_group_id;admin_group_id;other_group_arn;other_group_path;admin_group_users
47,iac_benchmark/scenarios/terrads_91609b0f19d3,True,1,False,6,7,6,0,1,100.0,85.71,,aws_eip_association,0,1,0,0,1,0.0,0.0,,aws_availability_zones,1,1,0,1,1,0.0,0.0,aws_instance_id,instance_id,4,4,2,2,2,50.0,50.0,vpc_subnet_id;eip,subnet_id;eip_public_ip
48,iac_benchmark/scenarios/terrads_77969f786de6,True,5,False,36,34,27,9,7,75.0,79.41,aws_route_table_association;aws_route_table_association;aws_route_table_association;aws_route_table_association;aws_subnet;aws_subnet;aws_subnet;aws_subnet;aws_default_vpc,tls_private_key;aws_s3_bucket_versioning;aws_s3_bucket_public_access_block;tls_self_signed_cert;aws_s3_bucket_server_side_encryption_configuration;aws_lb_listener;aws_acm_certificate,4,4,2,2,2,50.0,50.0,aws_caller_identity;aws_iam_policy_document,aws_availability_zones;http,0,0,0,0,0,100.0,100.0,,,4,0,0,4,0,0.0,0.0,bastion_public_ip;bastion_private_ip;db_private_ip;web_private_ip,
49,iac_benchmark/scenarios/terrads_57b2b7344b75,True,2,False,5,5,5,0,0,100.0,100.0,,,1,2,1,0,1,100.0,50.0,,aws_caller_identity,7,7,2,5,5,28.57,28.57,mutability;name;lifecycle_policy;allowed_principals;kms_encryption,image_tag_mutability;lifecycle_policy_json;encryption_type;repository_policy_principals;repository_name,4,4,3,1,1,75.0,75.0,arn,repository_arn
50,iac_benchmark/scenarios/terrads_d86cbe8c6793,True,2,False,7,9,7,0,2,100.0,77.78,,aws_eip_association;aws_eip,1,2,0,1,2,0.0,0.0,aws_ssm_parameter,aws_ami;aws_availability_zones,0,0,0,0,0,100.0,100.0,,,0,0,0,0,0,100.0,100.0,,
51,iac_benchmark/scenarios/terrads_c65b90756666,True,2,False,2,15,2,0,13,100.0,13.33,,aws_db_parameter_group;aws_db_subnet_group;aws_iam_role_policy;aws_rds_cluster_instance;aws_route_table;aws_rds_cluster_parameter_group;aws_subnet;aws_security_group;aws_iam_role;aws_route_table_association;aws_internet_gateway;aws_vpc;aws_kms_key,0,1,0,0,1,0.0,0.0,,aws_availability_zones,3,3,3,0,0,100.0,100.0,,,3,3,0,3,3,0.0,0.0,DefaultTags;RDSInstances;RDSClusters,rds_clusters_info;tags;rds_instances_info
52,iac_benchmark/scenarios/terrads_11a32b8809d5,True,1,False,4,8,4,0,4,100.0,50.0,,aws_s3_bucket_server_side_encryption_configuration;aws_s3_bucket_public_access_block;aws_s3_bucket_versioning;aws_kms_key,0,0,0,0,0,100.0,100.0,,,0,0,0,0,0,100.0,100.0,,,1,1,0,1,1,0.0,0.0,bucket_id,lambda_code_bucket_id
54,iac_benchmark/scenarios/terrads_1d6f0e58e59c,True,3,False,5,10,5,0,5,100.0,50.0,,aws_instance;aws_security_group;tls_private_key;aws_route_table_association;aws_key_pair,0,2,0,0,2,0.0,0.0,,aws_ami;aws_availability_zones,14,1,0,14,1,0.0,0.0,environment;project;tags;private_subnet_cidr_blocks;availability_zones;bastion_instance_type;key_name;bastion_ami;name;aws_internet_gateway;region;bastion_ebs_optimized;cidr_block;public_subnet_cidr_blocks,bastion_ssh_cidr,3,3,1,2,2,33.33,33.33,id;cidr_block,vpc_cidr_block;vpc_id
55,iac_benchmark/scenarios/gh_ee089b0d,True,4,False,16,15,14,2,1,87.5,93.33,aws_iam_role_policy_attachment;aws_iam_policy,aws_iam_role_policy,7,7,7,0,0,100.0,100.0,,,0,0,0,0,0,100.0,100.0,,,0,0,0,0,0,100.0,100.0,,
57,iac_benchmark/scenarios/terrads_84f64c0c2376,True,5,False,14,22,14,0,8,100.0,63.64,,aws_s3_bucket_versioning;aws_s3_bucket_public_access_block;aws_iam_role_policy_attachment;aws_kms_key;aws_s3_bucket_server_side_encryption_configuration;aws_lambda_function;aws_s3_bucket;aws_iam_role,0,0,0,0,0,100.0,100.0,,,62,15,1,61,14,1.61,6.67,enable_ses_domain_identity_verification;ses_identity_notification_topic_identity;ses_receipt_rule_scan_enabled;ses_template_subject;ses_receipt_rule_recipients;ses_domain_identity_domains;ses_template_text;name;ses_receipt_rule_enabled;ses_identity_policy_identity;enable_ses_template;ses_identity_policy_name;ses_active_receipt_rule_set_rule_set_name;ses_identity_policy_policy;enable_ses_receipt_rule_set;ses_receipt_rule_name;enable_ses_identity_policy;enable_ses_event_destination;ses_identity_notification_topic_notification_type;enable_ses_email_identity;ses_domain_mail_from_domain;ses_receipt_rule_bounce_action;ses_receipt_rule_s3_action;ses_event_destination_kinesis_destination;ses_email_identity_emails;ses_domain_dkim_domain;ses_configuration_set_delivery_options;ses_event_destination_name;enable_ses_receipt_rule;ses_template_html;ses_configuration_set_reputation_metrics_enabled;ses_receipt_rule_workmail_action;ses_receipt_rule_after;ses_domain_mail_from_behavior_on_mx_failure;ses_receipt_rule_stop_action;enable_ses_identity_notification_topic;ses_receipt_rule_rule_set_name;ses_receipt_rule_lambda_action;ses_identity_notification_topic_topic_arn;ses_domain_mail_from_mail_from_domain;ses_domain_identity_verification_domain;ses_configuration_set_name;ses_configuration_set_sending_enabled;enable_ses_active_receipt_rule_set;ses_receipt_rule_tls_policy;ses_identity_notification_topic_include_original_headers;enable_ses_receipt_filter;ses_receipt_rule_sns_action;ses_event_destination_configuration_set_name;ses_event_destination_matching_types;enable_ses_domain_mail_from;ses_event_destination_sns_destination;ses_receipt_rule_add_header_action;ses_receipt_rule_set_rule_set_name;enable_ses_domain_dkim;ses_template_name;ses_receipt_filter_stack;enable_ses_domain_identity;ses_event_destination_cloudwatch_destination;ses_event_destination_enabled;enable_ses_configuration_set,receipt_filters;identity_notification_topics;event_destination_config;template_config;receipt_rule_config;identity_policies;mail_from_behavior_on_mx_failure;receipt_rule_set_name;configuration_set_config;domain_names;email_addresses;lambda_function_config;mail_from_domain;prefix_name,27,7,0,27,7,0.0,0.0,ses_receipt_rule_set_id;ses_event_destination_id;ses_configuration_set_arn;ses_email_identity_arn;ses_template_arn;ses_configuration_set_last_fresh_start;ses_domain_identity_arn;ses_email_identity_id;ses_domain_dkim_dkim_tokens;ses_domain_identity_id;ses_domain_identity_verification_token;ses_domain_identity_verification_arn;ses_identity_notification_topic_id;ses_configuration_set_id;ses_active_receipt_rule_set_id;ses_receipt_filter_id;ses_domain_dkim_id;ses_template_id;ses_domain_mail_from_id;ses_event_destination_arn;ses_identity_policy_id;ses_domain_identity_verification_id;ses_receipt_filter_arn;ses_receipt_rule_arn;ses_active_receipt_rule_set_arn;ses_receipt_rule_id;ses_receipt_rule_set_arn,domain_identity_arns;active_receipt_rule_set_name;template_arn;email_identity_arns;domain_identity_verification_tokens;receipt_rule_set_name;domain_dkim_tokens
58,iac_benchmark/scenarios/gh_8963e028,True,3,False,7,12,7,0,5,100.0,58.33,,aws_kms_alias;aws_sns_topic;aws_iam_role;aws_iam_role_policy_attachment;aws_kms_key,0,3,0,0,3,0.0,0.0,,aws_region;aws_caller_identity;aws_partition,26,17,6,20,11,23.08,35.29,backup_vault_kms_key_arn;backup_vault_policy;backup_selection_iam_role_arn;backup_selection_resources;backup_plan_name;backup_vault_notifications_backup_vault_name;backup_selection_selection_tag;backup_vault_policy_backup_vault_name;backup_plan_rule;name;backup_vault_notifications_backup_vault_events;backup_global_settings;backup_region_settings_resource_type_opt_in_preference;tags;backup_vault_notifications_sns_topic_arn;enable_backup_region_settings;backup_selection_plan_id;backup_selection_name;backup_vault_name;enable_backup_global_settings,enable_vault_encryption;backup_plan_rules;backup_selection_config;name_prefix;enable_global_settings;selection_name_override;vault_name_override;plan_name_override;enable_region_settings;sns_topic_name_override;backup_vault_policy_json,13,13,4,9,9,30.77,30.77,backup_vault_policy_id;backup_global_settings_id;backup_vault_notifications_id;backup_vault_notifications_backup_vault_arn;backup_region_settings_id;backup_vault_id;backup_vault_recovery_points;backup_vault_arn;backup_vault_policy_backup_vault_arn,vault_notifications_vault_arn;vault_id;vault_notifications_id;vault_arn;vault_policy_id;vault_recovery_points;vault_policy_vault_arn;region_settings_account_id;global_settings_account_id
60,iac_benchmark/scenarios/terrads_edc75c22b890,True,1,False,3,3,2,1,1,66.67,66.67,local_file,local_sensitive_file,0,0,0,0,0,100.0,100.0,,,2,2,1,1,1,50.0,50.0,name,key_name,2,2,2,0,0,100.0,100.0,,
61,iac_benchmark/scenarios/terrads_eb31b3f11263,True,2,False,3,10,3,0,7,100.0,30.0,,aws_iam_role;aws_iam_role;aws_kms_alias;aws_sqs_queue_policy;aws_iam_role_policy;aws_sqs_queue;aws_kms_key,2,3,2,0,1,100.0,66.67,,aws_partition,22,17,8,14,9,36.36,47.06,override_topic_policy_documents;firehose_feedback;topic_policy;http_feedback;create;source_topic_policy_documents;enable_default_topic_policy;name;kms_master_key_id;sqs_feedback;application_feedback;create_subscription;lambda_feedback;topic_policy_statements,feedback_iam_role_arns;feedback_sample_rate;source_policy_documents;additional_statements;kms_key_arn;override_policy_documents;topic_name;create_sns_topic;enable_sns_encryption,5,5,4,1,1,80.0,80.0,topic_owner,owner_account_id
62,iac_benchmark/scenarios/terrads_8b175cdbe2cf,True,4,False,23,33,23,0,10,100.0,69.7,,aws_dynamodb_table;tls_private_key;aws_s3_bucket_versioning;aws_s3_bucket_public_access_block;tls_self_signed_cert;aws_kms_key;aws_s3_bucket_server_side_encryption_configuration;aws_s3_bucket;local_file;aws_acm_certificate,0,1,0,0,1,0.0,0.0,,aws_ami,0,0,0,0,0,100.0,100.0,,,1,1,0,1,1,0.0,0.0,dns-link,alb_dns_name
63,iac_benchmark/scenarios/terrads_16c051534cd7,True,3,False,10,10,10,0,0,100.0,100.0,,,1,3,1,0,2,100.0,33.33,,aws_iam_policy_document;aws_iam_policy_document,1,1,1,0,0,100.0,100.0,,,5,5,5,0,0,100.0,100.0,,
64,iac_benchmark/scenarios/terrads_e66890a4c474,True,1,False,2,2,2,0,0,100.0,100.0,,,0,2,0,0,2,0.0,0.0,,aws_iam_policy_document;aws_iam_policy_document,0,0,0,0,0,100.0,100.0,,,0,0,0,0,0,100.0,100.0,,
65,iac_benchmark/scenarios/terrads_2bd05651769e,True,3,False,8,12,8,0,4,100.0,66.67,,aws_security_group_rule;aws_security_group_rule;aws_security_group_rule;aws_security_group_rule,0,1,0,0,1,0.0,0.0,,aws_availability_zones,11,0,0,11,0,0.0,0.0,sg_apache_tag;sg_rds_tag;cidr_range;priv_sub_tag;vpc_tag;pub_sub_cidr;priv_sub_cidr;igw_tag;public_rules;pub_sub_tag;rtb_tag,,4,0,0,4,0,0.0,0.0,sg_webserver_output;public_subnet_output;private_subnet_output;sg_rds_output,
67,iac_benchmark/scenarios/terrads_58f499b02851,True,3,False,4,4,4,0,0,100.0,100.0,,,0,0,0,0,0,100.0,100.0,,,6,6,5,1,1,83.33,83.33,create,create_athena_resources,5,5,0,5,5,0.0,0.0,workgroups_arns;data_catalogs_ids;databases_ids;data_catalogs_arns;named_queries_ids,data_catalog_ids;workgroup_arns;data_catalog_arns;database_ids;named_query_ids
68,iac_benchmark/scenarios/terrads_19e9f954c91d,True,2,False,8,8,8,0,0,100.0,100.0,,,0,1,0,0,1,0.0,0.0,,aws_availability_zones,2,0,0,2,0,0.0,0.0,aws_region;vpc_name,,4,4,4,0,0,100.0,100.0,,
69,iac_benchmark/scenarios/terrads_73811111c805,True,5,False,12,10,10,2,0,83.33,100.0,aws_iam_role_policy_attachment;aws_iam_role_policy_attachment,,6,2,2,4,0,33.33,100.0,aws_iam_policy_document;aws_iam_policy_document;aws_caller_identity;aws_partition,,39,5,2,37,3,5.13,40.0,iam_role_name;iam_role_description;iam_role_tags;rule_name_prefix;irsa_tag_key;irsa_permissions_boundary_arn;irsa_description;irsa_path;irsa_ssm_parameter_arns;irsa_name;create_iam_role;enable_spot_termination;irsa_policy_name;iam_role_attach_cni_policy;queue_kms_data_key_reuse_period_seconds;iam_role_use_name_prefix;queue_name;iam_role_permissions_boundary;tags;iam_role_additional_policies;create_irsa;irsa_tag_values;cluster_ip_family;irsa_namespace_service_accounts;iam_role_arn;irsa_max_session_duration;iam_role_max_session_duration;queue_kms_master_key_id;create_instance_profile;queue_managed_sse_enabled;irsa_use_name_prefix;irsa_assume_role_condition_test;irsa_oidc_provider_arn;irsa_subnet_account_id;policies;irsa_tags;iam_role_path,oidc_provider_arn;ip_family;common_tags,14,0,0,14,0,0.0,0.0,event_rules;queue_name;instance_profile_id;role_name;irsa_name;instance_profile_name;queue_url;irsa_unique_id;queue_arn;instance_profile_unique;role_unique_id;role_arn;irsa_arn;instance_profile_arn,
70,iac_benchmark/scenarios/terrads_f455759ec10b,True,1,False,2,2,2,0,0,100.0,100.0,,,1,1,1,0,0,100.0,100.0,,,0,0,0,0,0,100.0,100.0,,,0,0,0,0,0,100.0,100.0,,
71,iac_benchmark/scenarios/terrads_2e8035ffc09c,True,3,False,5,6,5,0,1,100.0,83.33,,random_pet,1,4,1,0,3,100.0,25.0,,aws_iam_policy_document;aws_iam_policy_document;aws_iam_policy_document,7,6,5,2,1,71.43,83.33,tags;lifecycle_policy,lifecycle_policy_enabled,4,4,1,3,3,25.0,25.0,url;name;arn,repository_url;repository_arn;repository_id
72,iac_benchmark/scenarios/terrads_502f773ea348,True,4,False,8,6,5,3,1,62.5,83.33,aws_sqs_queue_policy;aws_sqs_queue_redrive_allow_policy;aws_sqs_queue_redrive_policy,aws_kms_key,4,3,3,1,0,75.0,100.0,aws_region,,40,24,18,22,6,45.0,75.0,redrive_policy;dlq_kms_data_key_reuse_period_seconds;dlq_queue_policy_statements;dlq_sqs_managed_sse_enabled;dlq_visibility_timeout_seconds;source_dlq_queue_policy_documents;dlq_redrive_allow_policy;dlq_kms_master_key_id;create_dlq_queue_policy;name;override_dlq_queue_policy_documents;override_queue_policy_documents;dlq_message_retention_seconds;redrive_allow_policy;dlq_content_based_deduplication;dlq_receive_wait_time_seconds;dlq_delay_seconds;fifo_queue;source_queue_policy_documents;dlq_deduplication_scope;create_dlq_redrive_allow_policy;dlq_tags,queue_type;source_policy_documents;sse_custom_kms;queue_name;max_receive_count;override_policy_documents,10,9,5,5,4,50.0,55.56,dead_letter_queue_name;dead_letter_queue_arn_static;dead_letter_queue_arn;dead_letter_queue_id;dead_letter_queue_url,dlq_id;dlq_arn;dlq_url;dlq_name
74,iac_benchmark/scenarios/terrads_300ccc10f9e0,True,1,False,7,8,6,1,2,85.71,75.0,aws_s3_bucket_acl,aws_s3_bucket_server_side_encryption_configuration;aws_kms_key,0,0,0,0,0,100.0,100.0,,,0,0,0,0,0,100.0,100.0,,,0,0,0,0,0,100.0,100.0,,
75,iac_benchmark/scenarios/terrads_51c59e2a63d8,True,3,False,4,23,4,0,19,100.0,17.39,,aws_s3_bucket_server_side_encryption_configuration;aws_s3_bucket_replication_configuration;aws_s3_bucket_lifecycle_configuration;aws_s3_bucket_object_lock_configuration;aws_s3_bucket_logging;aws_s3_bucket_versioning;aws_s3_bucket_versioning;aws_s3_bucket;aws_s3_bucket;aws_s3_bucket_cors_configuration;aws_s3_bucket_website_configuration;aws_iam_role;aws_iam_role_policy_attachment;aws_iam_policy;aws_s3_bucket_policy;aws_s3_bucket_policy;aws_kms_key;aws_kms_key;aws_s3_bucket_acl,5,2,1,4,1,20.0,50.0,aws_iam_policy_document;aws_iam_policy_document;aws_iam_policy_document;aws_iam_policy_document,aws_caller_identity,29,31,1,28,30,3.45,3.23,restrict_public_buckets;attach_elb_log_delivery_policy;request_payer;bucket_prefix;control_object_ownership;attach_lb_log_delivery_policy;acl;grant;attach_deny_insecure_transport_policy;bucket;lifecycle_rule;create_bucket;versioning;ignore_public_acls;block_public_acls;attach_policy;attach_public_policy;object_ownership;policy;replication_configuration;object_lock_configuration;acceleration_status;logging;block_public_policy;force_destroy;server_side_encryption_configuration;website;cors_rule,destination_region;sse_algorithm;enable_versioning;enable_object_lock;logging_target_bucket_name;object_lock_mode;object_lock_days;website_config;enable_bucket_key;acl_grants;enable_website;sse_kms_key_id;enable_cors;enable_logging;cors_rules;bucket_name;object_lock_years;enable_elb_log_delivery;enable_deny_insecure_transport;custom_policy_json;enable_acl;enable_bucket_ownership;enable_lifecycle;bucket_ownership_rule;enable_sse;enable_public_access_block;lifecycle_rules;replication_config;enable_replication;logging_prefix,8,8,0,8,8,0.0,0.0,s3_bucket_arn;s3_bucket_website_domain;s3_bucket_region;s3_bucket_hosted_zone_id;s3_bucket_id;s3_bucket_bucket_domain_name;s3_bucket_website_endpoint;s3_bucket_bucket_regional_domain_name,website_domain;bucket_id;bucket_regional_domain_name;bucket_arn;website_endpoint;hosted_zone_id;bucket_domain_name;region
78,iac_benchmark/scenarios/terrads_88f699ba24eb,True,3,False,10,12,9,1,3,90.0,75.0,random_string,aws_s3_bucket_server_side_encryption_configuration;random_id;aws_kms_key,3,8,3,0,5,100.0,37.5,,aws_region;aws_iam_policy_document;aws_iam_policy_document;aws_iam_policy_document;aws_partition,5,2,2,3,0,40.0,100.0,log_group_name;cloudtrail_key_alias;trail_name,,0,0,0,0,0,100.0,100.0,,
79,iac_benchmark/scenarios/terrads_3ea893f0239e,True,2,False,7,10,7,0,3,100.0,70.0,,aws_nat_gateway;aws_eip;aws_eip,1,2,1,0,1,100.0,50.0,,aws_availability_zones,0,0,0,0,0,100.0,100.0,,,0,0,0,0,0,100.0,100.0,,
81,iac_benchmark/scenarios/terrads_9d98b1468492,True,1,False,2,2,2,0,0,100.0,100.0,,,1,1,1,0,0,100.0,100.0,,,0,0,0,0,0,100.0,100.0,,,0,0,0,0,0,100.0,100.0,,
82,iac_benchmark/scenarios/terrads_512081ca0b97,True,3,False,4,19,4,0,15,100.0,21.05,,aws_s3_bucket_server_side_encryption_configuration;aws_s3_bucket_replication_configuration;aws_s3_bucket_lifecycle_configuration;random_string;aws_s3_bucket_object_lock_configuration;aws_s3_bucket_logging;aws_s3_bucket_versioning;aws_s3_bucket_cors_configuration;aws_s3_account_public_access_block;aws_s3_bucket_website_configuration;aws_iam_role;aws_iam_role_policy_attachment;aws_s3_bucket_policy;aws_s3_bucket_policy;aws_s3_bucket_acl,6,3,2,4,1,33.33,66.67,aws_iam_policy_document;aws_iam_policy_document;aws_iam_policy_document;aws_elb_service_account,aws_partition,30,33,10,20,23,33.33,30.3,request_payer;bucket_prefix;control_object_ownership;attach_lb_log_delivery_policy;grant;attach_deny_insecure_transport_policy;bucket;lifecycle_rule;versioning;attach_policy;attach_public_policy;policy;replication_configuration;object_lock_configuration;acceleration_status;logging;server_side_encryption_configuration;website;attach_require_latest_tls_policy;cors_rule,sse_algorithm;enable_versioning;enable_object_lock;error_document;object_lock_mode;create_random_suffix;object_lock_days;create_account_public_access_block;kms_master_key_id;enable_logging;enable_static_website;replication_role_arn;cors_rules;bucket_name;create_replication_role;custom_bucket_policy;logging_target_bucket;index_document;logging_target_prefix;lifecycle_rules;deny_insecure_transport;enable_replication;replication_rules,8,8,0,8,8,0.0,0.0,s3_bucket_arn;s3_bucket_website_domain;s3_bucket_region;s3_bucket_hosted_zone_id;s3_bucket_id;s3_bucket_bucket_domain_name;s3_bucket_website_endpoint;s3_bucket_bucket_regional_domain_name,website_domain;bucket_id;bucket_regional_domain_name;bucket_arn;website_endpoint;hosted_zone_id;bucket_domain_name;region
83,iac_benchmark/scenarios/terrads_24d8fa9ce040,True,3,False,6,2,2,4,0,33.33,100.0,aws_iam_role_policy_attachment;aws_iam_role_policy_attachment;aws_iam_role;aws_iam_role,,2,5,1,1,4,50.0,20.0,aws_iam_policy_document,aws_caller_identity;aws_iam_policy;aws_iam_policy;aws_iam_policy,26,7,2,24,5,7.69,28.57,admin_role_requires_mfa;poweruser_role_permissions_boundary_arn;trusted_role_services;readonly_role_requires_mfa;readonly_role_permissions_boundary_arn;create_readonly_role;poweruser_role_requires_mfa;create_poweruser_role;poweruser_role_tags;readonly_role_name;admin_role_name;admin_role_permissions_boundary_arn;poweruser_role_name;poweruser_role_path;readonly_role_tags;mfa_age;admin_role_path;poweruser_role_policy_arns;trusted_role_arns;create_admin_role;readonly_role_path;admin_role_tags;readonly_role_policy_arns;admin_role_policy_arns,trust_principals;power_user_role_config;admin_role_config;read_only_role_config;mfa_max_age,15,1,0,15,1,0.0,0.0,admin_iam_role_name;readonly_iam_role_requires_mfa;poweruser_iam_role_requires_mfa;admin_iam_role_requires_mfa;admin_iam_role_path;admin_iam_role_arn;readonly_iam_role_path;poweruser_iam_role_arn;poweruser_iam_role_path;readonly_iam_role_arn;poweruser_iam_role_name;poweruser_iam_role_unique_id;readonly_iam_role_name;admin_iam_role_unique_id;readonly_iam_role_unique_id,roles
86,iac_benchmark/scenarios/terrads_aacf53e04510,True,5,False,17,18,17,0,1,100.0,94.44,,aws_s3_bucket_versioning,2,1,1,1,0,50.0,100.0,aws_iam_policy_document,,13,7,2,11,5,15.38,28.57,custom_bucket_name;kms_key_deletion_window;bucket_name_suffix;tagging;region;profile;dynamodb_billing_mode;noncurrent_log_version_expiration;noncurrent_log_version_transitions;kms_key_rotation_enabled;noncurrent_version_transitions,suffix;bucket_name;logging_noncurrent_version_expiration;noncurrent_version_transition_days;common_tags,1,0,0,1,0,0.0,0.0,bucket_name,
87,iac_benchmark/scenarios/terrads_9e572059444f,True,4,False,13,4,3,10,1,23.08,75.0,aws_iam_role_policy_attachment;aws_iam_role_policy_attachment;aws_iam_role_policy_attachment;aws_iam_role_policy_attachment;aws_iam_role_policy_attachment;aws_iam_role;aws_iam_role;aws_iam_role;aws_iam_role;aws_iam_role,aws_iam_policy,1,1,1,0,0,100.0,100.0,,,0,3,0,0,3,0.0,0.0,,cluster_list;oidc_provider_url;oidc_thumbprint,0,0,0,0,0,100.0,100.0,,
88,iac_benchmark/scenarios/terrads_b9e95b2e6d91,True,2,False,3,5,2,1,3,66.67,40.0,aws_security_group_rule,aws_vpc_security_group_ingress_rule;aws_vpc_security_group_egress_rule;aws_vpc,1,0,0,1,0,0.0,0.0,aws_vpc_endpoint_service,,13,11,8,5,3,61.54,72.73,tags;security_group_tags;timeouts;security_group_ids;subnet_ids,default_security_group_ids;default_subnet_ids;default_route_table_ids,3,3,2,1,1,66.67,66.67,endpoints,vpc_endpoints
89,iac_benchmark/scenarios/terrads_253bca1f8ff4,True,5,False,16,27,16,0,11,100.0,59.26,,aws_s3_bucket_server_side_encryption_configuration;random_id;aws_s3_bucket_versioning;aws_s3_bucket;aws_s3_bucket;aws_iam_role;aws_s3_bucket_public_access_block;aws_iam_role_policy_attachment;aws_iam_policy;aws_kms_key;aws_s3_bucket_acl,7,9,7,0,2,100.0,77.78,,aws_iam_policy_document;aws_caller_identity,35,24,9,26,15,25.71,37.5,attach_elb_log_delivery_policy;bucket_prefix;owner;control_object_ownership;attach_lb_log_delivery_policy;grant;attach_deny_insecure_transport_policy;putin_khuylo;bucket;lifecycle_rule;create_bucket;expected_bucket_owner;versioning;tags;attach_policy;attach_public_policy;policy;replication_configuration;object_lock_configuration;logging;intelligent_tiering;server_side_encryption_configuration;website;attach_require_latest_tls_policy;cors_rule;object_lock_enabled,enable_object_lock;grants;website_config;log_bucket_prefix;user_policy_json;versioning_config;cors_rules;enable_bucket;bucket_name;object_lock_config;log_bucket_name;bucket_name_prefix;intelligent_tiering_configurations;lifecycle_rules;replication_config,8,8,0,8,8,0.0,0.0,s3_bucket_arn;s3_bucket_website_domain;s3_bucket_region;s3_bucket_hosted_zone_id;s3_bucket_id;s3_bucket_bucket_domain_name;s3_bucket_website_endpoint;s3_bucket_bucket_regional_domain_name,website_domain;bucket_id;bucket_regional_domain_name;bucket_arn;website_endpoint;hosted_zone_id;bucket_domain_name;region
90,iac_benchmark/scenarios/terrads_e644a6da2171,True,2,False,2,10,2,0,8,100.0,20.0,,aws_s3_bucket_server_side_encryption_configuration;random_id;aws_cloudfront_origin_access_identity;aws_s3_bucket_public_access_block;aws_wafv2_web_acl;aws_s3_bucket_policy;aws_s3_bucket_versioning;aws_kms_key,0,2,0,0,2,0.0,0.0,,aws_iam_policy_document;aws_caller_identity,0,0,0,0,0,100.0,100.0,,,0,0,0,0,0,100.0,100.0,,
91,iac_benchmark/scenarios/terrads_3387313129cf,True,1,False,3,7,3,0,4,100.0,42.86,,aws_s3_bucket_server_side_encryption_configuration;aws_kms_alias;aws_s3_bucket_versioning;aws_kms_key,2,0,0,2,0,0.0,0.0,aws_region;aws_caller_identity,,0,0,0,0,0,100.0,100.0,,,0,2,0,0,2,0.0,0.0,,state_bucket_name;dynamodb_table_name
92,iac_benchmark/scenarios/terrads_7b48683a13ff,True,3,False,4,4,4,0,0,100.0,100.0,,,1,1,1,0,0,100.0,100.0,,,0,0,0,0,0,100.0,100.0,,,0,0,0,0,0,100.0,100.0,,
94,iac_benchmark/scenarios/terrads_a6a5210a700c,True,1,False,2,2,2,0,0,100.0,100.0,,,2,1,1,1,0,50.0,100.0,aws_iam_policy_document,,1,1,0,1,1,0.0,0.0,alias,alias_name,2,2,1,1,1,50.0,50.0,cmk_alias,alias_name
96,iac_benchmark/scenarios/terrads_8a18be3138e9,True,4,False,21,7,7,14,0,33.33,100.0,aws_subnet;aws_subnet;aws_subnet;aws_subnet;aws_subnet;aws_subnet;aws_main_route_table_association;aws_default_network_acl;aws_default_network_acl;aws_default_security_group;aws_default_security_group;aws_route_table_association;aws_route_table_association;aws_route_table_association,,0,1,0,0,1,0.0,0.0,,aws_availability_zones,0,1,0,0,1,0.0,0.0,,environment,12,0,0,12,0,0.0,0.0,prod_int_sub_2_id;prod_ext_sub_1_id;prod_ext_sub_0_id;prod_int_vpc_id;prod_ext_default_sg_id;prod_int_sub_3_id;prod_ext_sub_3_id;prod_int_default_sg_id;prod_ext_vpc_id;prod_ext_sub_2_id;prod_int_sub_0_id;prod_int_sub_1_id,
97,iac_benchmark/scenarios/terrads_d82f400a2404,True,1,False,3,5,2,1,3,66.67,40.0,aws_s3_bucket_acl,aws_s3_bucket_server_side_encryption_configuration;aws_s3_bucket_public_access_block;aws_kms_key,0,0,0,0,0,100.0,100.0,,,0,0,0,0,0,100.0,100.0,,,0,0,0,0,0,100.0,100.0,,
99,iac_benchmark/scenarios/gh_254d7b8f,True,4,False,9,24,9,0,15,100.0,37.5,,aws_s3_bucket_server_side_encryption_configuration;aws_sns_topic;aws_lambda_permission;aws_lambda_function;aws_iam_role_policy;aws_iam_role_policy;aws_s3_bucket_versioning;aws_s3_bucket;aws_iam_role;aws_iam_role;aws_iam_role;local_file;aws_kms_key;aws_s3_bucket_public_access_block;aws_iam_role_policy_attachment,0,2,0,0,2,0.0,0.0,,aws_caller_identity;archive_file,70,37,2,68,35,2.86,5.41,config_organization_custom_rule_name;config_organization_custom_rule_tag_value_scope;config_organization_managed_rule_timeouts;config_aggregate_authorization_name;enable_config_delivery_channel;config_configuration_recorder_status_name;config_organization_managed_rule_input_parameters;config_configuration_recorder_status_is_enabled;enable_config_organization_managed_rule;config_config_rule_description;enable_config_configuration_recorder_status;config_delivery_channel_s3_bucket_name;config_config_rule_name;config_config_rule_source;config_remediation_configuration_retry_attempt_seconds;config_organization_custom_rule_tag_key_scope;name;config_organization_managed_rule_name;config_organization_custom_rule_resource_types_scope;config_remediation_configuration_automatic;organizations_organization_aws_service_access_principals;config_organization_custom_rule_maximum_execution_frequency;config_organization_managed_rule_resource_id_scope;config_organization_custom_rule_timeouts;config_configuration_recorder_recording_group;organizations_organization_feature_set;config_organization_managed_rule_tag_key_scope;config_delivery_channel_s3_key_prefix;config_config_rule_input_parameters;config_delivery_channel_snapshot_delivery_properties;enable_config_organization_custom_rule;config_remediation_configuration_target_type;config_remediation_configuration_maximum_automatic_attempts;config_organization_custom_rule_resource_id_scope;config_configuration_recorder_name;config_config_rule_scope;config_organization_managed_rule_tag_value_scope;enable_organizations_organization;config_organization_managed_rule_excluded_accounts;config_organization_managed_rule_resource_types_scope;config_organization_managed_rule_identifier;enable_config_remediation_configuration;config_remediation_configuration_config_rule_name;config_organization_managed_rule_maximum_execution_frequency;config_delivery_channel_sns_topic_arn;config_remediation_configuration_target_version;config_delivery_channel_name;config_remediation_configuration_execution_controls;config_configuration_aggregator_account_aggregation_source;config_remediation_configuration_target_id;tags;config_remediation_configuration_parameter;enable_config_configuration_aggregator;config_config_rule_maximum_execution_frequency;config_organization_custom_rule_description;config_aggregate_authorization_account_id;enable_config_config_rule;enable_config_aggregate_authorization;config_configuration_aggregator_organization_aggregation_source;config_configuration_aggregator_name;config_organization_managed_rule_description;config_organization_custom_rule_excluded_accounts;config_configuration_recorder_role_arn;config_organization_custom_rule_input_parameters;config_organization_custom_rule_trigger_types;config_remediation_configuration_resource_type;enable_config_configuration_recorder;config_organization_custom_rule_lambda_function_arn,config_rule_input_parameters;enable_config_rule;sns_topic_arn;remediation_target_type;enable_configuration_recorder;organization_custom_lambda_runtime;enable_organization_custom_rule;remediation_retry_attempt_seconds;enable_recorder_status;aggregation_source_all_regions;organization_custom_timeouts;organization_managed_rule_scope;enable_configuration_aggregator;s3_key_prefix;config_rule_maximum_execution_frequency;aggregate_authorization_region;name_prefix;remediation_target_id;remediation_execution_controls;config_rule_scope;enable_delivery_channel;enable_remediation_configuration;remediation_maximum_automatic_attempts;remediation_parameters;enable_organization_managed_rule;enable_aggregate_authorization;aggregation_source_type;account_id;organization_custom_trigger_types;organization_custom_scope;remediation_automatic;organization_managed_rule_identifier;aggregation_source_account_ids;organization_managed_rule_timeouts;recording_group,9,14,0,9,14,0.0,0.0,config_remediation_configuration_id;config_aggregate_authorization_arn;config_configuration_aggregator_arn;config_organization_custom_rule_arn;config_configuration_recorder_id;config_organization_managed_rule_arn;config_delivery_channel_id;config_config_rule_id;config_config_rule_arn,aggregate_authorization_arn;organization_custom_rule_id;configuration_aggregator_id;configuration_recorder_id;organization_managed_rule_id;delivery_channel_id;remediation_configuration_arn;configuration_aggregator_arn;config_rule_id;organization_managed_rule_arn;organization_custom_rule_arn;remediation_configuration_id;config_rule_arn;aggregate_authorization_id
100,iac_benchmark/scenarios/terrads_c69fe1795840,True,2,False,8,8,8,0,0,100.0,100.0,,,0,3,0,0,3,0.0,0.0,,aws_iam_policy_document;aws_iam_policy_document;aws_partition,0,0,0,0,0,100.0,100.0,,,2,2,1,1,1,50.0,50.0,iam_user1_arn,user1_arn
101,iac_benchmark/scenarios/terrads_e43385f0db48,True,2,False,3,3,3,0,0,100.0,100.0,,,2,2,2,0,0,100.0,100.0,,,0,0,0,0,0,100.0,100.0,,,0,0,0,0,0,100.0,100.0,,
102,iac_benchmark/scenarios/gh_98f2e277,True,1,False,2,2,2,0,0,100.0,100.0,,,0,0,0,0,0,100.0,100.0,,,0,0,0,0,0,100.0,100.0,,,3,3,1,2,2,33.33,33.33,cloudwatch_log_group_arn;cloudwatch_log_group_name,log_group_name;log_group_arn
103,iac_benchmark/scenarios/terrads_a67a58967c46,True,3,False,8,8,8,0,0,100.0,100.0,,,3,3,3,0,0,100.0,100.0,,,2,2,1,1,1,50.0,50.0,username,postman_user_name,4,4,3,1,1,75.0,75.0,access_key_secret,secret_access_key
104,iac_benchmark/scenarios/gh_d76e97de,True,2,False,3,10,3,0,7,100.0,30.0,,aws_s3_bucket_server_side_encryption_configuration;random_id;aws_kms_alias;aws_s3_bucket_public_access_block;aws_s3_bucket_versioning;aws_s3_bucket;aws_kms_key,0,1,0,0,1,0.0,0.0,,aws_caller_identity,20,22,1,19,21,5.0,4.55,athena_workgroup_description;athena_database_encryption_configuration;athena_named_query_description;enable_athena_database;athena_database_bucket;athena_database_name;name;enable_athena_named_query;enable_athena_workgroup;athena_workgroup_state;environment;athena_named_query_name;athena_workgroup_configuration;athena_workgroup_force_destroy;athena_workgroup_name;athena_named_query_query;athena_database_force_destroy;athena_named_query_workgroup;athena_named_query_database,encryption_option;enforce_workgroup_configuration;environment_tag;name_prefix;create_workgroup;query_string;workgroup_force_destroy;workgroup_description;kms_key_arn;database_name;result_configuration_kms_key_arn;named_query_name;create_database;description;publish_cloudwatch_metrics_enabled;result_configuration_encryption_option;workgroup_state;bytes_scanned_cutoff_per_query;create_named_query;result_configuration_output_location;workgroup_name,4,4,0,4,4,0.0,0.0,athena_named_query_id;athena_workgroup_id;athena_database_id;athena_workgroup_arn,database_id;workgroup_arn;named_query_id;workgroup_id
105,iac_benchmark/scenarios/terrads_4e8fd48d9810,True,2,False,6,9,6,0,3,100.0,66.67,,aws_subnet;aws_subnet;aws_route_table_association,0,1,0,0,1,0.0,0.0,,aws_availability_zones,8,2,2,6,0,25.0,100.0,vpc_cidr_block;availability_zones;private_subnets;public_subnets;aws_region;all_ips,,3,3,3,0,0,100.0,100.0,,
106,iac_benchmark/scenarios/terrads_15dc7dba11b2,True,5,False,12,31,9,3,22,75.0,29.03,aws_sqs_queue_policy;aws_cloudwatch_event_rule;aws_cloudwatch_event_target,aws_eks_node_group;aws_nat_gateway;aws_eip;aws_eks_cluster;aws_iam_openid_connect_provider;aws_route_table;aws_route_table;aws_iam_role;aws_iam_role;aws_subnet;aws_subnet;aws_security_group;aws_iam_role_policy_attachment;aws_iam_role_policy_attachment;aws_iam_role_policy_attachment;aws_iam_role_policy_attachment;aws_iam_role_policy_attachment;aws_iam_role_policy_attachment;aws_route_table_association;aws_route_table_association;aws_internet_gateway;aws_vpc,6,1,0,6,1,0.0,0.0,aws_iam_policy_document;aws_iam_policy_document;aws_iam_policy_document;aws_iam_policy_document;aws_caller_identity;aws_partition,aws_availability_zones,38,13,5,33,8,13.16,38.46,iam_role_name;iam_role_description;iam_role_tags;rule_name_prefix;irsa_tag_key;irsa_permissions_boundary_arn;irsa_description;irsa_path;irsa_ssm_parameter_arns;irsa_name;create_iam_role;irsa_policy_name;iam_role_attach_cni_policy;queue_kms_data_key_reuse_period_seconds;iam_role_use_name_prefix;queue_name;iam_role_permissions_boundary;tags;iam_role_additional_policies;cluster_ip_family;irsa_namespace_service_accounts;iam_role_arn;irsa_max_session_duration;iam_role_max_session_duration;queue_kms_master_key_id;queue_managed_sse_enabled;irsa_use_name_prefix;irsa_assume_role_condition_test;irsa_oidc_provider_arn;irsa_subnet_account_id;policies;irsa_tags;iam_role_path,additional_irsa_policies;permissions_boundary_arn;create_node_role;name_prefix;cluster_version;additional_node_policies;ip_family;path,14,16,4,10,12,28.57,25.0,queue_name;role_name;queue_url;queue_arn;instance_profile_unique;irsa_arn;irsa_name;irsa_unique_id;role_unique_id;role_arn,irsa_role_arn;cluster_oidc_issuer_url;instance_profile_unique_id;sqs_queue_arn;sqs_queue_name;node_role_unique_id;sqs_queue_url;cluster_arn;irsa_role_unique_id;node_role_name;irsa_role_name;node_role_arn
107,iac_benchmark/scenarios/terrads_5c95653f2b2b,True,4,False,8,12,8,0,4,100.0,66.67,,aws_iam_user;aws_kms_alias;aws_iam_access_key;aws_iam_user_policy,6,2,1,5,1,16.67,50.0,aws_iam_policy_document;aws_iam_policy_document;aws_iam_policy_document;aws_iam_policy_document;aws_iam_policy_document,aws_region,6,7,5,1,2,83.33,71.43,default_tags,global_public_push_accounts;create_iam_users,3,3,3,0,0,100.0,100.0,,
109,iac_benchmark/scenarios/terrads_bf579a4e056c,True,2,False,2,5,2,0,3,100.0,40.0,,aws_iam_role_policy_attachment;aws_iam_policy;aws_iam_role,1,2,1,0,1,100.0,50.0,,aws_iam_policy_document,0,0,0,0,0,100.0,100.0,,,0,0,0,0,0,100.0,100.0,,
110,iac_benchmark/scenarios/gh_e79950cd,True,4,False,9,9,9,0,0,100.0,100.0,,,0,0,0,0,0,100.0,100.0,,,0,0,0,0,0,100.0,100.0,,,0,0,0,0,0,100.0,100.0,,
111,iac_benchmark/scenarios/terrads_651ca158389b,True,5,False,18,5,4,14,1,22.22,80.0,aws_security_group_rule;aws_security_group_rule;aws_security_group_rule;aws_security_group_rule;aws_security_group_rule;aws_security_group_rule;aws_security_group_rule;aws_security_group_rule;aws_security_group_rule;aws_security_group_rule;aws_security_group_rule;aws_security_group_rule;aws_security_group_rule;aws_security_group_rule,aws_vpc,1,1,1,0,0,100.0,100.0,,,31,14,10,21,4,32.26,71.43,existing_sg_egress_rules_with_prefix_list;sg_description;existing_sg_id;new_sg_ingress_rules_with_self;existing_sg_egress_rules_with_source_sg_id;existing_sg_ingress_rules_with_source_sg_id;new_sg_egress_rules_with_source_sg_id;existing_sg_ingress_rules_with_prefix_list;existing_sg_ingress_rules_with_self;existing_sg_egress_rules_with_self;new_sg_ingress_rules_with_source_sg_id;new_sg_egress_rules_with_prefix_list;new_sg_ingress_rules_with_prefix_list;new_sg_egress_rules_with_cidr_blocks;entry;new_sg_egress_rules_with_self;new_sg_ingress_rules_with_cidr_blocks;prefix_list_ids;max_entries;existing_sg_egress_rules_with_cidr_blocks;existing_sg_ingress_rules_with_cidr_blocks,security_group_id;prefix_list_entries;egress_rules;ingress_rules,4,4,3,1,1,75.0,75.0,security_group_tags,tags
112,iac_benchmark/scenarios/terrads_06680f50bbe9,True,2,False,3,3,3,0,0,100.0,100.0,,,1,0,0,1,0,0.0,0.0,aws_vpc_endpoint_service,,13,10,5,8,5,38.46,50.0,tags;security_group_tags;timeouts;security_group_description;security_group_ids;subnet_ids;security_group_name;security_group_name_prefix,default_security_group_ids;security_group;common_tags;default_subnet_ids;endpoint_timeouts,3,3,3,0,0,100.0,100.0,,
113,iac_benchmark/scenarios/gh_209bf4fc,True,2,False,5,6,5,0,1,100.0,83.33,,aws_kms_key,1,3,1,0,2,100.0,33.33,,aws_iam_policy_document;aws_caller_identity,0,0,0,0,0,100.0,100.0,,,0,0,0,0,0,100.0,100.0,,
114,iac_benchmark/scenarios/terrads_a76480be55f4,True,1,False,2,2,2,0,0,100.0,100.0,,,0,0,0,0,0,100.0,100.0,,,1,1,1,0,0,100.0,100.0,,,2,2,2,0,0,100.0,100.0,,
115,iac_benchmark/scenarios/gh_a720033b,True,1,False,3,4,3,0,1,100.0,75.0,,aws_cognito_identity_pool,0,1,0,0,1,0.0,0.0,,aws_iam_policy_document,0,0,0,0,0,100.0,100.0,,,0,0,0,0,0,100.0,100.0,,
116,iac_benchmark/scenarios/terrads_1fe0c7e96181,True,4,False,17,17,16,1,1,94.12,94.12,aws_vpc_endpoint_route_table_association,aws_security_group,3,3,3,0,0,100.0,100.0,,,19,12,8,11,4,42.11,66.67,vpc_cidr;availability_zone;vpc_name;enable_dns_support;service_name;max_subnetcount;security_group_ids;enable_dns_hostnames;vpc_endpoints;subnet_ids;vpc_endpoint_type,existing_subnet_azs;gateway_endpoint_service_name;vpc_name_prefix;interface_endpoints,6,7,2,4,5,33.33,28.57,gateway_endpoint_rt_association_id;web_subnet_ids;app-subnet;app-subnet-availability_zone_names,existing_app_subnet_ids;app_subnets;gateway_endpoint_route_table_association_id;app_subnet_azs;existing_web_subnet_ids
117,iac_benchmark/scenarios/terrads_7efc89daa754,True,5,False,12,14,11,1,3,91.67,78.57,aws_sqs_queue_policy,aws_iam_role_policy_attachment;aws_iam_role_policy_attachment;aws_iam_openid_connect_provider,6,5,3,3,2,50.0,60.0,aws_iam_policy_document;aws_iam_policy_document;aws_iam_policy_document,tls_certificate;aws_region,38,12,6,32,6,15.79,50.0,iam_role_name;iam_role_description;iam_role_tags;rule_name_prefix;irsa_tag_key;irsa_permissions_boundary_arn;irsa_description;irsa_path;irsa_ssm_parameter_arns;irsa_name;create_iam_role;irsa_policy_name;iam_role_attach_cni_policy;queue_kms_data_key_reuse_period_seconds;iam_role_use_name_prefix;queue_name;iam_role_permissions_boundary;iam_role_additional_policies;irsa_namespace_service_accounts;iam_role_arn;irsa_max_session_duration;iam_role_max_session_duration;queue_kms_master_key_id;create_instance_profile;queue_managed_sse_enabled;irsa_use_name_prefix;irsa_assume_role_condition_test;irsa_oidc_provider_arn;irsa_subnet_account_id;policies;irsa_tags;iam_role_path,cluster_oidc_issuer_url;sqs_kms_master_key_id;sqs_kms_data_key_reuse_period_seconds;node_additional_policy_arns;sqs_message_retention_seconds;additional_policy_arns,14,14,4,10,10,28.57,28.57,queue_name;role_name;queue_url;queue_arn;instance_profile_unique;irsa_arn;irsa_name;irsa_unique_id;role_unique_id;role_arn,irsa_role_arn;sqs_queue_name;sqs_queue_arn;instance_profile_unique_id;node_role_unique_id;sqs_queue_url;irsa_role_unique_id;node_role_name;irsa_role_name;node_role_arn
118,iac_benchmark/scenarios/terrads_d0b15c1beff0,True,2,False,6,6,6,0,0,100.0,100.0,,,2,0,0,2,0,0.0,0.0,aws_iam_policy;aws_iam_policy,,2,1,1,1,0,50.0,100.0,account_name,,1,1,0,1,1,0.0,0.0,all_users,iam_users
119,iac_benchmark/scenarios/terrads_916c37ccf307,True,5,False,19,20,19,0,1,100.0,95.0,,aws_subnet,0,1,0,0,1,0.0,0.0,,aws_availability_zones,10,7,5,5,2,50.0,71.43,vpc-sec_cidr;tgw_id;tag-env;tgw_rt-propagation_id;tgw_rt-association_id,tgw_variables;tag_env,6,19,0,6,19,0.0,0.0,fgt_ni_ips;subnet_az1_cidrs;fgt_ni_ids;nsg_ids;subnet_az1_ids;vpc-sec_id,private_subnet_cidr;vpc_id;public_subnet_cidr;mgmt_subnet_cidr;bastion_subnet_cidr;mgmt_sg_id;private_eni_private_ip;private_eni_id;ha_sg_id;bastion_subnet_id;private_sg_id;private_subnet_id;public_subnet_id;public_eni_id;mgmt_subnet_id;public_eni_private_ip;public_sg_id;bastion_sg_id;allow_all_sg_id
120,iac_benchmark/scenarios/terrads_ddc425a81cf2,True,4,False,10,14,8,2,6,80.0,57.14,aws_iam_role_policy_attachment;aws_iam_policy,aws_kms_alias;aws_sns_topic;aws_lambda_function;aws_cloudwatch_metric_alarm;aws_lambda_alias;aws_kms_key,6,1,0,6,1,0.0,0.0,aws_lambda_function;aws_iam_role;aws_iam_policy_document;aws_iam_policy_document;aws_iam_policy_document;aws_lambda_alias,archive_file,35,9,3,32,6,8.57,33.33,create_deployment;auto_rollback_events;create_codedeploy_role;create_app;save_deploy_script;codedeploy_role_name;create_deployment_group;force_deploy;create;triggers;alarm_enabled;aws_cli_command;before_allow_traffic_hook_arn;attach_hooks_policy;attach_triggers_policy;app_name;use_existing_app;alarm_ignore_poll_alarm_failure;target_version;description;use_existing_deployment_group;auto_rollback_enabled;wait_deployment_completion;alarms;after_allow_traffic_hook_arn;function_name;codedeploy_principals;deployment_group_name;current_version;deployment_config_name;alias_name;get_deployment_sleep_timer,force_redeployment;cli_command;create_hook_policy;enable_alarm;hook_function_arns;create_sns_topic,9,1,0,9,1,0.0,0.0,deploy_script;appspec_content;codedeploy_deployment_group_name;codedeploy_app_name;appspec;appspec_sha256;codedeploy_deployment_group_id;script;codedeploy_iam_role_name,deploy_script_path
121,iac_benchmark/scenarios/terrads_78a356be27a8,True,1,False,3,6,2,1,4,66.67,33.33,aws_s3_bucket_acl,aws_s3_bucket_server_side_encryption_configuration;aws_s3_bucket_public_access_block;aws_s3_bucket_versioning;aws_kms_key,0,0,0,0,0,100.0,100.0,,,0,0,0,0,0,100.0,100.0,,,0,0,0,0,0,100.0,100.0,,
122,iac_benchmark/scenarios/terrads_bcebc593f734,True,3,False,13,22,11,2,11,84.62,50.0,aws_iam_policy_attachment;aws_iam_policy_attachment,aws_s3_bucket_server_side_encryption_configuration;aws_s3_bucket_server_side_encryption_configuration;aws_dynamodb_table;aws_s3_bucket_versioning;aws_s3_bucket;aws_s3_bucket_public_access_block;aws_s3_bucket_public_access_block;aws_iam_role_policy_attachment;aws_iam_role_policy_attachment;aws_sfn_state_machine;aws_kms_key,0,1,0,0,1,0.0,0.0,,aws_partition,2,2,1,1,1,50.0,50.0,aws_account_id,account_id,0,0,0,0,0,100.0,100.0,,
123,iac_benchmark/scenarios/gh_f0292125,True,2,False,3,3,3,0,0,100.0,100.0,,,0,0,0,0,0,100.0,100.0,,,27,31,4,23,27,14.81,12.9,appautoscaling_scheduled_action_service_namespace;appautoscaling_scheduled_action_scalable_target_action;appautoscaling_target_scalable_dimension;appautoscaling_policy_policy_type;appautoscaling_target_role_arn;appautoscaling_target_min_capacity;appautoscaling_policy_target_tracking_scaling_policy_configuration;name;appautoscaling_scheduled_action_schedule;appautoscaling_policy_scalable_dimension;appautoscaling_target_resource_id;tags;appautoscaling_target_service_namespace;appautoscaling_policy_service_namespace;appautoscaling_policy_name;appautoscaling_scheduled_action_end_time;appautoscaling_policy_step_scaling_policy_configuration;appautoscaling_scheduled_action_name;appautoscaling_scheduled_action_scalable_dimension;appautoscaling_scheduled_action_start_time;appautoscaling_target_max_capacity;appautoscaling_policy_resource_id;appautoscaling_scheduled_action_resource_id,resource_id;customized_metric_specification;scheduled_action_service_namespace;end_time;max_capacity;adjustment_type;name_prefix;schedule;scale_out_cooldown;metric_aggregation_type;role_arn;scalable_dimension;scheduled_action_scalable_target_action;scheduled_action_resource_id;step_adjustments;scheduled_action_scalable_dimension;policy_type;min_adjustment_magnitude;disable_scale_in;start_time;target_value;cooldown;predefined_metric_specification;timezone;service_namespace;scale_in_cooldown;min_capacity,7,7,0,7,7,0.0,0.0,appautoscaling_policy_arn;appautoscaling_scheduled_action_id;appautoscaling_policy_id;appautoscaling_scheduled_action_arn;appautoscaling_policy_policy_type;appautoscaling_target_id;appautoscaling_policy_name,policy_arn;policy_name;policy_id;scheduled_action_arn;target_id;target_name;scheduled_action_id
124,iac_benchmark/scenarios/terrads_862539b68d31,True,5,False,61,21,21,40,0,34.43,100.0,aws_iam_user;aws_iam_user;aws_iam_user;aws_iam_user;aws_iam_user;aws_iam_user;aws_iam_user;aws_iam_user_policy_attachment;aws_iam_user_policy_attachment;aws_iam_user_policy_attachment;aws_iam_user_policy_attachment;aws_iam_user_policy_attachment;aws_iam_user_policy_attachment;aws_iam_user_policy_attachment;aws_iam_user_policy_attachment;aws_iam_user_policy_attachment;aws_iam_role;aws_iam_role;aws_iam_role;aws_iam_role;aws_iam_role;aws_iam_role;aws_iam_role;aws_iam_access_key;aws_iam_access_key;aws_iam_access_key;aws_iam_access_key;aws_iam_access_key;aws_iam_access_key;aws_iam_access_key;aws_iam_role_policy_attachment;aws_iam_role_policy_attachment;aws_iam_role_policy_attachment;aws_iam_role_policy_attachment;aws_iam_role_policy_attachment;aws_iam_role_policy_attachment;aws_iam_role_policy_attachment;aws_iam_role_policy_attachment;aws_iam_role_policy_attachment;aws_iam_policy,,2,13,2,0,11,100.0,15.38,,aws_iam_policy_document;aws_iam_policy_document;aws_iam_policy_document;aws_iam_policy_document;aws_iam_policy_document;aws_iam_policy_document;aws_iam_policy_document;aws_iam_policy_document;aws_iam_policy_document;aws_iam_policy_document;aws_caller_identity,4,4,4,0,0,100.0,100.0,,,0,0,0,0,0,100.0,100.0,,
125,iac_benchmark/scenarios/terrads_8945dba1c1be,True,4,False,17,19,13,4,6,76.47,68.42,aws_s3_bucket_ownership_controls;aws_s3_bucket_ownership_controls;aws_s3_bucket_acl;aws_s3_bucket_acl,aws_s3_bucket_server_side_encryption_configuration;aws_s3_bucket_public_access_block;aws_s3_bucket_public_access_block;aws_s3_bucket_policy;aws_s3_bucket_versioning;aws_kms_key,0,1,0,0,1,0.0,0.0,,aws_caller_identity,11,8,7,4,1,63.64,87.5,sse_algorithm;bucket_acl;logging_bucket;name,bucket_prefix,1,1,1,0,0,100.0,100.0,,
126,iac_benchmark/scenarios/terrads_bf7e6364d218,True,5,False,16,26,15,1,11,93.75,57.69,aws_s3_bucket_request_payment_configuration,aws_iam_role_policy;aws_s3_bucket_versioning;aws_s3_bucket_versioning;aws_s3_bucket;aws_s3_bucket;aws_s3_bucket_ownership_controls;aws_iam_role;aws_s3_bucket_public_access_block;aws_s3_bucket_public_access_block;aws_s3_bucket_policy;aws_kms_key,8,7,4,4,3,50.0,57.14,aws_elb_service_account;aws_canonical_user_id;aws_iam_policy_document;aws_iam_policy_document,aws_caller_identity;aws_region;aws_partition,36,27,2,34,25,5.56,7.41,restrict_public_buckets;attach_elb_log_delivery_policy;request_payer;owner;control_object_ownership;attach_lb_log_delivery_policy;grant;attach_deny_insecure_transport_policy;attach_cross_account_policy;bucket;lifecycle_rule;cross_account_id;create_bucket;expected_bucket_owner;versioning;tags;ignore_public_acls;block_public_acls;attach_policy;attach_public_policy;object_ownership;policy;replication_configuration;object_lock_configuration;acceleration_status;logging;intelligent_tiering;block_public_policy;force_destroy;server_side_encryption_configuration;website;attach_require_latest_tls_policy;cors_rule;object_lock_enabled,logging_config;sse_algorithm;enable_versioning;enable_object_lock;enable_log_delivery_policy;ownership_controls;enable_intelligent_tiering;enable_acceleration;website_config;enable_website;enable_cors;intelligent_tiering_config;enable_require_latest_tls;enable_logging;cross_account_ids;cors_rules;bucket_name;public_access_block_settings;enable_deny_insecure_transport;object_lock_config;enable_acl;enable_cross_account_policy;lifecycle_rules;replication_config;enable_replication,8,7,0,8,7,0.0,0.0,s3_bucket_arn;s3_bucket_website_domain;s3_bucket_region;s3_bucket_hosted_zone_id;s3_bucket_id;s3_bucket_bucket_domain_name;s3_bucket_website_endpoint;s3_bucket_bucket_regional_domain_name,bucket_id;bucket_regional_domain_name;bucket_arn;website_endpoint;hosted_zone_id;bucket_domain_name;region
127,iac_benchmark/scenarios/terrads_b1d3c35f2547,True,1,False,4,10,4,0,6,100.0,40.0,,aws_s3_bucket_website_configuration;aws_s3_bucket_server_side_encryption_configuration;aws_cloudfront_origin_access_identity;aws_cloudfront_distribution;aws_wafv2_web_acl;aws_kms_key,1,2,1,0,1,100.0,50.0,,aws_caller_identity,1,1,0,1,1,0.0,0.0,bucket_name,bucket_base_name,1,1,0,1,1,0.0,0.0,aws_s3_website_endpoint,website_endpoint
128,iac_benchmark/scenarios/terrads_a35f6e7a7e6e,True,2,False,2,1,1,1,0,50.0,100.0,aws_sqs_queue_policy,,1,1,1,0,0,100.0,100.0,,,32,22,18,14,4,56.25,81.82,delimiter;id_length_limit;label_key_case;label_value_case;labels_as_tags;context;prebuilt_policy;tenant;regex_replace_chars;additional_tag_map;label_order;fifo_queue_enabled;descriptor_formats;content_based_deduplication_enabled,localstack_endpoint;content_based_deduplication;queue_policy_events;fifo_queue,4,4,4,0,0,100.0,100.0,,
129,iac_benchmark/scenarios/gh_96ef1179,True,1,False,3,4,1,2,3,33.33,25.0,aws_acm_certificate;aws_acm_certificate,aws_route53_record;aws_acm_certificate_validation;aws_route53_zone,0,0,0,0,0,100.0,100.0,,,0,0,0,0,0,100.0,100.0,,,0,0,0,0,0,100.0,100.0,,
131,iac_benchmark/scenarios/terrads_c6fa801d3646,True,3,False,6,6,6,0,0,100.0,100.0,,,2,3,2,0,1,100.0,66.67,,aws_iam_policy_document,26,37,13,13,24,50.0,35.14,admin_role_requires_mfa;poweruser_role_permissions_boundary_arn;readonly_role_requires_mfa;trusted_role_arns;trusted_role_services;readonly_role_permissions_boundary_arn;max_session_duration;poweruser_role_requires_mfa;admin_role_permissions_boundary_arn;mfa_age;poweruser_role_policy_arns;readonly_role_policy_arns;admin_role_policy_arns,readonly_role_description;readonly_mfa_required;admin_mfa_required;readonly_session_duration;admin_session_duration;poweruser_policy_arns;admin_trusted_role_services;admin_mfa_age;readonly_policy_arns;poweruser_session_duration;poweruser_trusted_role_arns;admin_policy_arns;poweruser_trusted_role_services;admin_role_description;poweruser_mfa_required;poweruser_role_description;readonly_trusted_role_services;poweruser_mfa_age;admin_trusted_role_arns;poweruser_permissions_boundary;readonly_permissions_boundary;admin_permissions_boundary;readonly_trusted_role_arns;readonly_mfa_age,15,15,0,15,15,0.0,0.0,admin_iam_role_name;readonly_iam_role_requires_mfa;admin_iam_role_requires_mfa;poweruser_iam_role_arn;poweruser_iam_role_path;admin_iam_role_unique_id;readonly_iam_role_unique_id;poweruser_iam_role_requires_mfa;readonly_iam_role_path;admin_iam_role_path;admin_iam_role_arn;readonly_iam_role_arn;poweruser_iam_role_name;poweruser_iam_role_unique_id;readonly_iam_role_name,admin_role_arn;admin_role_mfa_required;readonly_role_mfa_required;readonly_role_name;admin_role_name;poweruser_role_path;readonly_role_arn;poweruser_role_name;poweruser_role_arn;poweruser_role_unique_id;admin_role_path;readonly_role_path;admin_role_unique_id;poweruser_role_mfa_required;readonly_role_unique_id
