row_index,run_id,trivy_passed,total_checks,total_passed,total_failed,severity_critical_eval,severity_critical_passed,severity_critical_failed,severity_high_eval,severity_high_passed,severity_high_failed,severity_medium_eval,severity_medium_passed,severity_medium_failed,severity_low_eval,severity_low_passed,severity_low_failed,severity_unknown_eval,severity_unknown_passed,severity_unknown_failed,passed_check_ids,failed_check_ids,all_check_ids,error
0,20260901_153823_961c9537,True,16,16,0,1,1,0,3,3,0,10,10,0,2,2,0,0,0,0,AWS-0019;AWS-0056;AWS-0058;AWS-0059;AWS-0060;AWS-0061;AWS-0062;AWS-0063;AWS-0065;AWS-0123;AWS-0140;AWS-0141;AWS-0143;AWS-0342;AWS-0345;AWS-0346,,AWS-0019;AWS-0056;AWS-0058;AWS-0059;AWS-0060;AWS-0061;AWS-0062;AWS-0063;AWS-0065;AWS-0123;AWS-0140;AWS-0141;AWS-0143;AWS-0342;AWS-0345;AWS-0346,
1,20260901_155650_f5f8437c,True,18,18,0,1,1,0,5,5,0,10,10,0,2,2,0,0,0,0,AWS-0019;AWS-0056;AWS-0058;AWS-0059;AWS-0060;AWS-0061;AWS-0062;AWS-0063;AWS-0065;AWS-0095;AWS-0123;AWS-0136;AWS-0140;AWS-0141;AWS-0143;AWS-0342;AWS-0345;AWS-0346,,AWS-0019;AWS-0056;AWS-0058;AWS-0059;AWS-0060;AWS-0061;AWS-0062;AWS-0063;AWS-0065;AWS-0095;AWS-0123;AWS-0136;AWS-0140;AWS-0141;AWS-0143;AWS-0342;AWS-0345;AWS-0346,
2,20260901_160831_84172eb0,False,16,13,3,1,1,0,3,3,0,9,8,1,3,1,2,0,0,0,AWS-0019;AWS-0056;AWS-0058;AWS-0059;AWS-0060;AWS-0061;AWS-0062;AWS-0063;AWS-0140;AWS-0141;AWS-0342;AWS-0345;AWS-0346,AWS-0123;AWS-0143,AWS-0019;AWS-0056;AWS-0058;AWS-0059;AWS-0060;AWS-0061;AWS-0062;AWS-0063;AWS-0140;AWS-0141;AWS-0342;AWS-0345;AWS-0346;AWS-0123;AWS-0143,
3,20260901_161905_c246c091,True,17,17,0,1,1,0,5,5,0,9,9,0,2,2,0,0,0,0,AWS-0019;AWS-0056;AWS-0058;AWS-0059;AWS-0060;AWS-0061;AWS-0062;AWS-0063;AWS-0095;AWS-0123;AWS-0136;AWS-0140;AWS-0141;AWS-0143;AWS-0342;AWS-0345;AWS-0346,,AWS-0019;AWS-0056;AWS-0058;AWS-0059;AWS-0060;AWS-0061;AWS-0062;AWS-0063;AWS-0095;AWS-0123;AWS-0136;AWS-0140;AWS-0141;AWS-0143;AWS-0342;AWS-0345;AWS-0346,
4,20260901_172701_5f658054,False,35,34,1,5,5,0,13,13,0,11,10,1,6,6,0,0,0,0,AWS-0008;AWS-0009;AWS-0019;AWS-0026;AWS-0027;AWS-0028;AWS-0029;AWS-0056;AWS-0058;AWS-0059;AWS-0060;AWS-0061;AWS-0062;AWS-0063;AWS-0099;AWS-0101;AWS-0102;AWS-0104;AWS-0105;AWS-0107;AWS-0122;AWS-0123;AWS-0124;AWS-0129;AWS-0130;AWS-0131;AWS-0140;AWS-0141;AWS-0143;AWS-0164;AWS-0342;AWS-0344;AWS-0345;AWS-0346,AWS-0178,AWS-0008;AWS-0009;AWS-0019;AWS-0026;AWS-0027;AWS-0028;AWS-0029;AWS-0056;AWS-0058;AWS-0059;AWS-0060;AWS-0061;AWS-0062;AWS-0063;AWS-0099;AWS-0101;AWS-0102;AWS-0104;AWS-0105;AWS-0107;AWS-0122;AWS-0123;AWS-0124;AWS-0129;AWS-0130;AWS-0131;AWS-0140;AWS-0141;AWS-0143;AWS-0164;AWS-0342;AWS-0344;AWS-0345;AWS-0346;AWS-0178,
5,20260901_173218_6a8b7ec5,False,38,33,5,5,5,0,13,13,0,11,10,1,9,5,4,0,0,0,AWS-0008;AWS-0009;AWS-0019;AWS-0026;AWS-0027;AWS-0028;AWS-0029;AWS-0056;AWS-0058;AWS-0059;AWS-0060;AWS-0061;AWS-0062;AWS-0063;AWS-0099;AWS-0101;AWS-0102;AWS-0104;AWS-0105;AWS-0107;AWS-0122;AWS-0123;AWS-0129;AWS-0130;AWS-0131;AWS-0140;AWS-0141;AWS-0143;AWS-0164;AWS-0342;AWS-0344;AWS-0345;AWS-0346,AWS-0124;AWS-0178,AWS-0008;AWS-0009;AWS-0019;AWS-0026;AWS-0027;AWS-0028;AWS-0029;AWS-0056;AWS-0058;AWS-0059;AWS-0060;AWS-0061;AWS-0062;AWS-0063;AWS-0099;AWS-0101;AWS-0102;AWS-0104;AWS-0105;AWS-0107;AWS-0122;AWS-0123;AWS-0129;AWS-0130;AWS-0131;AWS-0140;AWS-0141;AWS-0143;AWS-0164;AWS-0342;AWS-0344;AWS-0345;AWS-0346;AWS-0124;AWS-0178,
6,20260901_174419_a68986ca,True,15,15,0,1,1,0,3,3,0,9,9,0,2,2,0,0,0,0,AWS-0019;AWS-0056;AWS-0058;AWS-0059;AWS-0060;AWS-0061;AWS-0062;AWS-0063;AWS-0123;AWS-0140;AWS-0141;AWS-0143;AWS-0342;AWS-0345;AWS-0346,,AWS-0019;AWS-0056;AWS-0058;AWS-0059;AWS-0060;AWS-0061;AWS-0062;AWS-0063;AWS-0123;AWS-0140;AWS-0141;AWS-0143;AWS-0342;AWS-0345;AWS-0346,
7,20260901_174944_5af2da7f,False,35,33,2,5,5,0,13,13,0,11,10,1,6,5,1,0,0,0,AWS-0008;AWS-0009;AWS-0019;AWS-0026;AWS-0027;AWS-0028;AWS-0029;AWS-0056;AWS-0058;AWS-0059;AWS-0060;AWS-0061;AWS-0062;AWS-0063;AWS-0099;AWS-0101;AWS-0102;AWS-0104;AWS-0105;AWS-0107;AWS-0122;AWS-0123;AWS-0129;AWS-0130;AWS-0131;AWS-0140;AWS-0141;AWS-0143;AWS-0164;AWS-0342;AWS-0344;AWS-0345;AWS-0346,AWS-0124;AWS-0178,AWS-0008;AWS-0009;AWS-0019;AWS-0026;AWS-0027;AWS-0028;AWS-0029;AWS-0056;AWS-0058;AWS-0059;AWS-0060;AWS-0061;AWS-0062;AWS-0063;AWS-0099;AWS-0101;AWS-0102;AWS-0104;AWS-0105;AWS-0107;AWS-0122;AWS-0123;AWS-0129;AWS-0130;AWS-0131;AWS-0140;AWS-0141;AWS-0143;AWS-0164;AWS-0342;AWS-0344;AWS-0345;AWS-0346;AWS-0124;AWS-0178,
8,20260901_183250_b55007c3,True,16,16,0,1,1,0,3,3,0,10,10,0,2,2,0,0,0,0,AWS-0019;AWS-0056;AWS-0058;AWS-0059;AWS-0060;AWS-0061;AWS-0062;AWS-0063;AWS-0065;AWS-0123;AWS-0140;AWS-0141;AWS-0143;AWS-0342;AWS-0345;AWS-0346,,AWS-0019;AWS-0056;AWS-0058;AWS-0059;AWS-0060;AWS-0061;AWS-0062;AWS-0063;AWS-0065;AWS-0123;AWS-0140;AWS-0141;AWS-0143;AWS-0342;AWS-0345;AWS-0346,
9,20260901_183435_74693deb,False,35,34,1,5,5,0,13,13,0,11,10,1,6,6,0,0,0,0,AWS-0008;AWS-0009;AWS-0019;AWS-0026;AWS-0027;AWS-0028;AWS-0029;AWS-0056;AWS-0058;AWS-0059;AWS-0060;AWS-0061;AWS-0062;AWS-0063;AWS-0099;AWS-0101;AWS-0102;AWS-0104;AWS-0105;AWS-0107;AWS-0122;AWS-0123;AWS-0124;AWS-0129;AWS-0130;AWS-0131;AWS-0140;AWS-0141;AWS-0143;AWS-0164;AWS-0342;AWS-0344;AWS-0345;AWS-0346,AWS-0178,AWS-0008;AWS-0009;AWS-0019;AWS-0026;AWS-0027;AWS-0028;AWS-0029;AWS-0056;AWS-0058;AWS-0059;AWS-0060;AWS-0061;AWS-0062;AWS-0063;AWS-0099;AWS-0101;AWS-0102;AWS-0104;AWS-0105;AWS-0107;AWS-0122;AWS-0123;AWS-0124;AWS-0129;AWS-0130;AWS-0131;AWS-0140;AWS-0141;AWS-0143;AWS-0164;AWS-0342;AWS-0344;AWS-0345;AWS-0346;AWS-0178,
10,20260901_184021_fcfea048,True,15,15,0,1,1,0,3,3,0,9,9,0,2,2,0,0,0,0,AWS-0019;AWS-0056;AWS-0058;AWS-0059;AWS-0060;AWS-0061;AWS-0062;AWS-0063;AWS-0123;AWS-0140;AWS-0141;AWS-0143;AWS-0342;AWS-0345;AWS-0346,,AWS-0019;AWS-0056;AWS-0058;AWS-0059;AWS-0060;AWS-0061;AWS-0062;AWS-0063;AWS-0123;AWS-0140;AWS-0141;AWS-0143;AWS-0342;AWS-0345;AWS-0346,
11,20260901_184242_98d2cebf,False,17,14,3,1,1,0,3,3,0,9,9,0,4,1,3,0,0,0,AWS-0019;AWS-0056;AWS-0058;AWS-0059;AWS-0060;AWS-0061;AWS-0062;AWS-0063;AWS-0123;AWS-0140;AWS-0141;AWS-0342;AWS-0345;AWS-0346,AWS-0143,AWS-0019;AWS-0056;AWS-0058;AWS-0059;AWS-0060;AWS-0061;AWS-0062;AWS-0063;AWS-0123;AWS-0140;AWS-0141;AWS-0342;AWS-0345;AWS-0346;AWS-0143,
12,20260901_184442_c85e3ce0,True,18,18,0,1,1,0,5,5,0,10,10,0,2,2,0,0,0,0,AWS-0019;AWS-0056;AWS-0058;AWS-0059;AWS-0060;AWS-0061;AWS-0062;AWS-0063;AWS-0065;AWS-0095;AWS-0123;AWS-0136;AWS-0140;AWS-0141;AWS-0143;AWS-0342;AWS-0345;AWS-0346,,AWS-0019;AWS-0056;AWS-0058;AWS-0059;AWS-0060;AWS-0061;AWS-0062;AWS-0063;AWS-0065;AWS-0095;AWS-0123;AWS-0136;AWS-0140;AWS-0141;AWS-0143;AWS-0342;AWS-0345;AWS-0346,
13,20260901_193928_bd2bceaf,True,15,15,0,1,1,0,3,3,0,9,9,0,2,2,0,0,0,0,AWS-0019;AWS-0056;AWS-0058;AWS-0059;AWS-0060;AWS-0061;AWS-0062;AWS-0063;AWS-0123;AWS-0140;AWS-0141;AWS-0143;AWS-0342;AWS-0345;AWS-0346,,AWS-0019;AWS-0056;AWS-0058;AWS-0059;AWS-0060;AWS-0061;AWS-0062;AWS-0063;AWS-0123;AWS-0140;AWS-0141;AWS-0143;AWS-0342;AWS-0345;AWS-0346,
14,20260901_194240_b0c74132,True,15,15,0,1,1,0,3,3,0,9,9,0,2,2,0,0,0,0,AWS-0019;AWS-0056;AWS-0058;AWS-0059;AWS-0060;AWS-0061;AWS-0062;AWS-0063;AWS-0123;AWS-0140;AWS-0141;AWS-0143;AWS-0342;AWS-0345;AWS-0346,,AWS-0019;AWS-0056;AWS-0058;AWS-0059;AWS-0060;AWS-0061;AWS-0062;AWS-0063;AWS-0123;AWS-0140;AWS-0141;AWS-0143;AWS-0342;AWS-0345;AWS-0346,
15,20260901_194427_1bca7833,True,16,16,0,1,1,0,4,4,0,9,9,0,2,2,0,0,0,0,AWS-0019;AWS-0037;AWS-0056;AWS-0058;AWS-0059;AWS-0060;AWS-0061;AWS-0062;AWS-0063;AWS-0123;AWS-0140;AWS-0141;AWS-0143;AWS-0342;AWS-0345;AWS-0346,,AWS-0019;AWS-0037;AWS-0056;AWS-0058;AWS-0059;AWS-0060;AWS-0061;AWS-0062;AWS-0063;AWS-0123;AWS-0140;AWS-0141;AWS-0143;AWS-0342;AWS-0345;AWS-0346,
16,20260901_195303_ceb71e13,True,15,15,0,1,1,0,3,3,0,9,9,0,2,2,0,0,0,0,AWS-0019;AWS-0056;AWS-0058;AWS-0059;AWS-0060;AWS-0061;AWS-0062;AWS-0063;AWS-0123;AWS-0140;AWS-0141;AWS-0143;AWS-0342;AWS-0345;AWS-0346,,AWS-0019;AWS-0056;AWS-0058;AWS-0059;AWS-0060;AWS-0061;AWS-0062;AWS-0063;AWS-0123;AWS-0140;AWS-0141;AWS-0143;AWS-0342;AWS-0345;AWS-0346,
17,20260901_200628_f2d4b9d4,True,15,15,0,1,1,0,3,3,0,9,9,0,2,2,0,0,0,0,AWS-0019;AWS-0056;AWS-0058;AWS-0059;AWS-0060;AWS-0061;AWS-0062;AWS-0063;AWS-0123;AWS-0140;AWS-0141;AWS-0143;AWS-0342;AWS-0345;AWS-0346,,AWS-0019;AWS-0056;AWS-0058;AWS-0059;AWS-0060;AWS-0061;AWS-0062;AWS-0063;AWS-0123;AWS-0140;AWS-0141;AWS-0143;AWS-0342;AWS-0345;AWS-0346,
18,20260901_200809_175ad7ff,True,15,15,0,1,1,0,3,3,0,9,9,0,2,2,0,0,0,0,AWS-0019;AWS-0056;AWS-0058;AWS-0059;AWS-0060;AWS-0061;AWS-0062;AWS-0063;AWS-0123;AWS-0140;AWS-0141;AWS-0143;AWS-0342;AWS-0345;AWS-0346,,AWS-0019;AWS-0056;AWS-0058;AWS-0059;AWS-0060;AWS-0061;AWS-0062;AWS-0063;AWS-0123;AWS-0140;AWS-0141;AWS-0143;AWS-0342;AWS-0345;AWS-0346,
19,20260901_201003_d92c60b2,True,15,15,0,1,1,0,3,3,0,9,9,0,2,2,0,0,0,0,AWS-0019;AWS-0056;AWS-0058;AWS-0059;AWS-0060;AWS-0061;AWS-0062;AWS-0063;AWS-0123;AWS-0140;AWS-0141;AWS-0143;AWS-0342;AWS-0345;AWS-0346,,AWS-0019;AWS-0056;AWS-0058;AWS-0059;AWS-0060;AWS-0061;AWS-0062;AWS-0063;AWS-0123;AWS-0140;AWS-0141;AWS-0143;AWS-0342;AWS-0345;AWS-0346,
20,20260901_201159_4eba339b,True,16,16,0,1,1,0,3,3,0,10,10,0,2,2,0,0,0,0,AWS-0019;AWS-0056;AWS-0058;AWS-0059;AWS-0060;AWS-0061;AWS-0062;AWS-0063;AWS-0065;AWS-0123;AWS-0140;AWS-0141;AWS-0143;AWS-0342;AWS-0345;AWS-0346,,AWS-0019;AWS-0056;AWS-0058;AWS-0059;AWS-0060;AWS-0061;AWS-0062;AWS-0063;AWS-0065;AWS-0123;AWS-0140;AWS-0141;AWS-0143;AWS-0342;AWS-0345;AWS-0346,
21,20260901_201331_0611e1ad,False,18,16,2,2,2,0,3,3,0,9,9,0,4,2,2,0,0,0,AWS-0019;AWS-0056;AWS-0058;AWS-0059;AWS-0060;AWS-0061;AWS-0062;AWS-0063;AWS-0067;AWS-0123;AWS-0140;AWS-0141;AWS-0143;AWS-0342;AWS-0345;AWS-0346,AWS-0017;AWS-0066,AWS-0019;AWS-0056;AWS-0058;AWS-0059;AWS-0060;AWS-0061;AWS-0062;AWS-0063;AWS-0067;AWS-0123;AWS-0140;AWS-0141;AWS-0143;AWS-0342;AWS-0345;AWS-0346;AWS-0017;AWS-0066,
22,20260901_202319_5a61c0c8,True,15,15,0,1,1,0,3,3,0,9,9,0,2,2,0,0,0,0,AWS-0019;AWS-0056;AWS-0058;AWS-0059;AWS-0060;AWS-0061;AWS-0062;AWS-0063;AWS-0123;AWS-0140;AWS-0141;AWS-0143;AWS-0342;AWS-0345;AWS-0346,,AWS-0019;AWS-0056;AWS-0058;AWS-0059;AWS-0060;AWS-0061;AWS-0062;AWS-0063;AWS-0123;AWS-0140;AWS-0141;AWS-0143;AWS-0342;AWS-0345;AWS-0346,
23,20260901_202422_1a5d99de,True,15,15,0,1,1,0,3,3,0,9,9,0,2,2,0,0,0,0,AWS-0019;AWS-0056;AWS-0058;AWS-0059;AWS-0060;AWS-0061;AWS-0062;AWS-0063;AWS-0123;AWS-0140;AWS-0141;AWS-0143;AWS-0342;AWS-0345;AWS-0346,,AWS-0019;AWS-0056;AWS-0058;AWS-0059;AWS-0060;AWS-0061;AWS-0062;AWS-0063;AWS-0123;AWS-0140;AWS-0141;AWS-0143;AWS-0342;AWS-0345;AWS-0346,
24,20260901_203234_3bf7550f,True,15,15,0,1,1,0,3,3,0,9,9,0,2,2,0,0,0,0,AWS-0019;AWS-0056;AWS-0058;AWS-0059;AWS-0060;AWS-0061;AWS-0062;AWS-0063;AWS-0123;AWS-0140;AWS-0141;AWS-0143;AWS-0342;AWS-0345;AWS-0346,,AWS-0019;AWS-0056;AWS-0058;AWS-0059;AWS-0060;AWS-0061;AWS-0062;AWS-0063;AWS-0123;AWS-0140;AWS-0141;AWS-0143;AWS-0342;AWS-0345;AWS-0346,
25,20260901_204007_696d269d,False,37,33,4,5,5,0,13,13,0,11,10,1,8,5,3,0,0,0,AWS-0008;AWS-0009;AWS-0019;AWS-0026;AWS-0027;AWS-0028;AWS-0029;AWS-0056;AWS-0058;AWS-0059;AWS-0060;AWS-0061;AWS-0062;AWS-0063;AWS-0099;AWS-0101;AWS-0102;AWS-0104;AWS-0105;AWS-0107;AWS-0122;AWS-0123;AWS-0129;AWS-0130;AWS-0131;AWS-0140;AWS-0141;AWS-0143;AWS-0164;AWS-0342;AWS-0344;AWS-0345;AWS-0346,AWS-0124;AWS-0178,AWS-0008;AWS-0009;AWS-0019;AWS-0026;AWS-0027;AWS-0028;AWS-0029;AWS-0056;AWS-0058;AWS-0059;AWS-0060;AWS-0061;AWS-0062;AWS-0063;AWS-0099;AWS-0101;AWS-0102;AWS-0104;AWS-0105;AWS-0107;AWS-0122;AWS-0123;AWS-0129;AWS-0130;AWS-0131;AWS-0140;AWS-0141;AWS-0143;AWS-0164;AWS-0342;AWS-0344;AWS-0345;AWS-0346;AWS-0124;AWS-0178,
26,20260901_204321_75e04280,True,15,15,0,1,1,0,3,3,0,9,9,0,2,2,0,0,0,0,AWS-0019;AWS-0056;AWS-0058;AWS-0059;AWS-0060;AWS-0061;AWS-0062;AWS-0063;AWS-0123;AWS-0140;AWS-0141;AWS-0143;AWS-0342;AWS-0345;AWS-0346,,AWS-0019;AWS-0056;AWS-0058;AWS-0059;AWS-0060;AWS-0061;AWS-0062;AWS-0063;AWS-0123;AWS-0140;AWS-0141;AWS-0143;AWS-0342;AWS-0345;AWS-0346,
27,20260901_204458_6f9b833f,True,17,17,0,1,1,0,5,5,0,9,9,0,2,2,0,0,0,0,AWS-0019;AWS-0056;AWS-0058;AWS-0059;AWS-0060;AWS-0061;AWS-0062;AWS-0063;AWS-0095;AWS-0123;AWS-0136;AWS-0140;AWS-0141;AWS-0143;AWS-0342;AWS-0345;AWS-0346,,AWS-0019;AWS-0056;AWS-0058;AWS-0059;AWS-0060;AWS-0061;AWS-0062;AWS-0063;AWS-0095;AWS-0123;AWS-0136;AWS-0140;AWS-0141;AWS-0143;AWS-0342;AWS-0345;AWS-0346,
28,20260901_204907_447afd45,False,15,13,2,1,1,0,3,3,0,9,8,1,2,1,1,0,0,0,AWS-0019;AWS-0056;AWS-0058;AWS-0059;AWS-0060;AWS-0061;AWS-0062;AWS-0063;AWS-0123;AWS-0140;AWS-0141;AWS-0345;AWS-0346,AWS-0143;AWS-0342,AWS-0019;AWS-0056;AWS-0058;AWS-0059;AWS-0060;AWS-0061;AWS-0062;AWS-0063;AWS-0123;AWS-0140;AWS-0141;AWS-0345;AWS-0346;AWS-0143;AWS-0342,
29,20260901_205013_99e2ece7,True,15,15,0,1,1,0,3,3,0,9,9,0,2,2,0,0,0,0,AWS-0019;AWS-0056;AWS-0058;AWS-0059;AWS-0060;AWS-0061;AWS-0062;AWS-0063;AWS-0123;AWS-0140;AWS-0141;AWS-0143;AWS-0342;AWS-0345;AWS-0346,,AWS-0019;AWS-0056;AWS-0058;AWS-0059;AWS-0060;AWS-0061;AWS-0062;AWS-0063;AWS-0123;AWS-0140;AWS-0141;AWS-0143;AWS-0342;AWS-0345;AWS-0346,
30,20260901_205441_e3c92b33,False,25,23,2,1,1,0,9,9,0,11,10,1,4,3,1,0,0,0,AWS-0019;AWS-0056;AWS-0058;AWS-0059;AWS-0060;AWS-0061;AWS-0062;AWS-0063;AWS-0086;AWS-0087;AWS-0091;AWS-0092;AWS-0093;AWS-0094;AWS-0123;AWS-0132;AWS-0140;AWS-0141;AWS-0143;AWS-0320;AWS-0342;AWS-0345;AWS-0346,AWS-0089;AWS-0090,AWS-0019;AWS-0056;AWS-0058;AWS-0059;AWS-0060;AWS-0061;AWS-0062;AWS-0063;AWS-0086;AWS-0087;AWS-0091;AWS-0092;AWS-0093;AWS-0094;AWS-0123;AWS-0132;AWS-0140;AWS-0141;AWS-0143;AWS-0320;AWS-0342;AWS-0345;AWS-0346;AWS-0089;AWS-0090,
31,20260901_210216_d28cf501,False,26,23,3,1,1,0,9,9,0,12,11,1,4,2,2,0,0,0,AWS-0019;AWS-0056;AWS-0058;AWS-0059;AWS-0060;AWS-0061;AWS-0062;AWS-0063;AWS-0065;AWS-0086;AWS-0087;AWS-0091;AWS-0092;AWS-0093;AWS-0094;AWS-0123;AWS-0132;AWS-0140;AWS-0141;AWS-0320;AWS-0342;AWS-0345;AWS-0346,AWS-0089;AWS-0090;AWS-0143,AWS-0019;AWS-0056;AWS-0058;AWS-0059;AWS-0060;AWS-0061;AWS-0062;AWS-0063;AWS-0065;AWS-0086;AWS-0087;AWS-0091;AWS-0092;AWS-0093;AWS-0094;AWS-0123;AWS-0132;AWS-0140;AWS-0141;AWS-0320;AWS-0342;AWS-0345;AWS-0346;AWS-0089;AWS-0090;AWS-0143,
32,20260901_210423_ed1c678b,False,16,15,1,1,1,0,3,3,0,10,9,1,2,2,0,0,0,0,AWS-0019;AWS-0056;AWS-0058;AWS-0059;AWS-0060;AWS-0061;AWS-0062;AWS-0063;AWS-0123;AWS-0140;AWS-0141;AWS-0143;AWS-0342;AWS-0345;AWS-0346,AWS-0065,AWS-0019;AWS-0056;AWS-0058;AWS-0059;AWS-0060;AWS-0061;AWS-0062;AWS-0063;AWS-0123;AWS-0140;AWS-0141;AWS-0143;AWS-0342;AWS-0345;AWS-0346;AWS-0065,
33,20260901_211839_0f6fc9f1,False,27,26,1,1,1,0,11,11,0,11,11,0,4,3,1,0,0,0,AWS-0006;AWS-0007;AWS-0019;AWS-0056;AWS-0058;AWS-0059;AWS-0060;AWS-0061;AWS-0062;AWS-0063;AWS-0086;AWS-0087;AWS-0090;AWS-0091;AWS-0092;AWS-0093;AWS-0094;AWS-0123;AWS-0132;AWS-0140;AWS-0141;AWS-0143;AWS-0320;AWS-0342;AWS-0345;AWS-0346,AWS-0089,AWS-0006;AWS-0007;AWS-0019;AWS-0056;AWS-0058;AWS-0059;AWS-0060;AWS-0061;AWS-0062;AWS-0063;AWS-0086;AWS-0087;AWS-0090;AWS-0091;AWS-0092;AWS-0093;AWS-0094;AWS-0123;AWS-0132;AWS-0140;AWS-0141;AWS-0143;AWS-0320;AWS-0342;AWS-0345;AWS-0346;AWS-0089,
34,20260901_215725_2ef69464,False,48,44,4,5,5,0,20,20,0,14,13,1,9,6,3,0,0,0,AWS-0008;AWS-0009;AWS-0018;AWS-0019;AWS-0026;AWS-0027;AWS-0028;AWS-0029;AWS-0056;AWS-0058;AWS-0059;AWS-0060;AWS-0061;AWS-0062;AWS-0063;AWS-0065;AWS-0086;AWS-0087;AWS-0090;AWS-0091;AWS-0092;AWS-0093;AWS-0094;AWS-0099;AWS-0101;AWS-0102;AWS-0104;AWS-0105;AWS-0107;AWS-0122;AWS-0123;AWS-0129;AWS-0130;AWS-0131;AWS-0132;AWS-0140;AWS-0141;AWS-0143;AWS-0164;AWS-0320;AWS-0342;AWS-0344;AWS-0345;AWS-0346,AWS-0017;AWS-0089;AWS-0124;AWS-0178,AWS-0008;AWS-0009;AWS-0018;AWS-0019;AWS-0026;AWS-0027;AWS-0028;AWS-0029;AWS-0056;AWS-0058;AWS-0059;AWS-0060;AWS-0061;AWS-0062;AWS-0063;AWS-0065;AWS-0086;AWS-0087;AWS-0090;AWS-0091;AWS-0092;AWS-0093;AWS-0094;AWS-0099;AWS-0101;AWS-0102;AWS-0104;AWS-0105;AWS-0107;AWS-0122;AWS-0123;AWS-0129;AWS-0130;AWS-0131;AWS-0132;AWS-0140;AWS-0141;AWS-0143;AWS-0164;AWS-0320;AWS-0342;AWS-0344;AWS-0345;AWS-0346;AWS-0017;AWS-0089;AWS-0124;AWS-0178,
35,20260901_221130_3ccaed92,False,35,34,1,5,5,0,13,13,0,11,10,1,6,6,0,0,0,0,AWS-0008;AWS-0009;AWS-0019;AWS-0026;AWS-0027;AWS-0028;AWS-0029;AWS-0056;AWS-0058;AWS-0059;AWS-0060;AWS-0061;AWS-0062;AWS-0063;AWS-0099;AWS-0101;AWS-0102;AWS-0104;AWS-0105;AWS-0107;AWS-0122;AWS-0123;AWS-0124;AWS-0129;AWS-0130;AWS-0131;AWS-0140;AWS-0141;AWS-0143;AWS-0164;AWS-0342;AWS-0344;AWS-0345;AWS-0346,AWS-0178,AWS-0008;AWS-0009;AWS-0019;AWS-0026;AWS-0027;AWS-0028;AWS-0029;AWS-0056;AWS-0058;AWS-0059;AWS-0060;AWS-0061;AWS-0062;AWS-0063;AWS-0099;AWS-0101;AWS-0102;AWS-0104;AWS-0105;AWS-0107;AWS-0122;AWS-0123;AWS-0124;AWS-0129;AWS-0130;AWS-0131;AWS-0140;AWS-0141;AWS-0143;AWS-0164;AWS-0342;AWS-0344;AWS-0345;AWS-0346;AWS-0178,
36,20260901_221534_a6d02670,False,25,22,3,1,1,0,9,8,1,11,10,1,4,3,1,0,0,0,AWS-0019;AWS-0056;AWS-0058;AWS-0059;AWS-0060;AWS-0061;AWS-0062;AWS-0063;AWS-0086;AWS-0087;AWS-0091;AWS-0092;AWS-0093;AWS-0094;AWS-0123;AWS-0140;AWS-0141;AWS-0143;AWS-0320;AWS-0342;AWS-0345;AWS-0346,AWS-0089;AWS-0090;AWS-0132,AWS-0019;AWS-0056;AWS-0058;AWS-0059;AWS-0060;AWS-0061;AWS-0062;AWS-0063;AWS-0086;AWS-0087;AWS-0091;AWS-0092;AWS-0093;AWS-0094;AWS-0123;AWS-0140;AWS-0141;AWS-0143;AWS-0320;AWS-0342;AWS-0345;AWS-0346;AWS-0089;AWS-0090;AWS-0132,
37,20260901_225415_aed93094,False,35,34,1,5,5,0,13,13,0,11,10,1,6,6,0,0,0,0,AWS-0008;AWS-0009;AWS-0019;AWS-0026;AWS-0027;AWS-0028;AWS-0029;AWS-0056;AWS-0058;AWS-0059;AWS-0060;AWS-0061;AWS-0062;AWS-0063;AWS-0099;AWS-0101;AWS-0102;AWS-0104;AWS-0105;AWS-0107;AWS-0122;AWS-0123;AWS-0124;AWS-0129;AWS-0130;AWS-0131;AWS-0140;AWS-0141;AWS-0143;AWS-0164;AWS-0342;AWS-0344;AWS-0345;AWS-0346,AWS-0178,AWS-0008;AWS-0009;AWS-0019;AWS-0026;AWS-0027;AWS-0028;AWS-0029;AWS-0056;AWS-0058;AWS-0059;AWS-0060;AWS-0061;AWS-0062;AWS-0063;AWS-0099;AWS-0101;AWS-0102;AWS-0104;AWS-0105;AWS-0107;AWS-0122;AWS-0123;AWS-0124;AWS-0129;AWS-0130;AWS-0131;AWS-0140;AWS-0141;AWS-0143;AWS-0164;AWS-0342;AWS-0344;AWS-0345;AWS-0346;AWS-0178,
38,20260901_225633_fff8ebc0,False,40,37,3,7,7,0,15,15,0,11,10,1,7,5,2,0,0,0,AWS-0008;AWS-0009;AWS-0019;AWS-0026;AWS-0027;AWS-0028;AWS-0029;AWS-0047;AWS-0052;AWS-0053;AWS-0054;AWS-0056;AWS-0058;AWS-0059;AWS-0060;AWS-0061;AWS-0062;AWS-0063;AWS-0099;AWS-0101;AWS-0102;AWS-0104;AWS-0105;AWS-0107;AWS-0122;AWS-0123;AWS-0129;AWS-0130;AWS-0131;AWS-0140;AWS-0141;AWS-0143;AWS-0164;AWS-0342;AWS-0344;AWS-0345;AWS-0346,AWS-0124;AWS-0178,AWS-0008;AWS-0009;AWS-0019;AWS-0026;AWS-0027;AWS-0028;AWS-0029;AWS-0047;AWS-0052;AWS-0053;AWS-0054;AWS-0056;AWS-0058;AWS-0059;AWS-0060;AWS-0061;AWS-0062;AWS-0063;AWS-0099;AWS-0101;AWS-0102;AWS-0104;AWS-0105;AWS-0107;AWS-0122;AWS-0123;AWS-0129;AWS-0130;AWS-0131;AWS-0140;AWS-0141;AWS-0143;AWS-0164;AWS-0342;AWS-0344;AWS-0345;AWS-0346;AWS-0124;AWS-0178,
39,20260901_230857_a06ea0a7,False,33,30,3,2,2,0,11,11,0,13,12,1,7,5,2,0,0,0,AWS-0014;AWS-0015;AWS-0016;AWS-0019;AWS-0056;AWS-0058;AWS-0059;AWS-0060;AWS-0061;AWS-0062;AWS-0063;AWS-0065;AWS-0086;AWS-0087;AWS-0091;AWS-0092;AWS-0093;AWS-0094;AWS-0123;AWS-0132;AWS-0140;AWS-0141;AWS-0143;AWS-0161;AWS-0162;AWS-0163;AWS-0320;AWS-0342;AWS-0345;AWS-0346,AWS-0017;AWS-0089;AWS-0090,AWS-0014;AWS-0015;AWS-0016;AWS-0019;AWS-0056;AWS-0058;AWS-0059;AWS-0060;AWS-0061;AWS-0062;AWS-0063;AWS-0065;AWS-0086;AWS-0087;AWS-0091;AWS-0092;AWS-0093;AWS-0094;AWS-0123;AWS-0132;AWS-0140;AWS-0141;AWS-0143;AWS-0161;AWS-0162;AWS-0163;AWS-0320;AWS-0342;AWS-0345;AWS-0346;AWS-0017;AWS-0089;AWS-0090,
40,20260901_233323_224ee2d0,False,19,18,1,1,1,0,6,6,0,9,9,0,3,2,1,0,0,0,AWS-0019;AWS-0030;AWS-0031;AWS-0032;AWS-0056;AWS-0058;AWS-0059;AWS-0060;AWS-0061;AWS-0062;AWS-0063;AWS-0123;AWS-0140;AWS-0141;AWS-0143;AWS-0342;AWS-0345;AWS-0346,AWS-0033,AWS-0019;AWS-0030;AWS-0031;AWS-0032;AWS-0056;AWS-0058;AWS-0059;AWS-0060;AWS-0061;AWS-0062;AWS-0063;AWS-0123;AWS-0140;AWS-0141;AWS-0143;AWS-0342;AWS-0345;AWS-0346;AWS-0033,
41,20260901_233853_2a616eb8,True,15,15,0,1,1,0,3,3,0,9,9,0,2,2,0,0,0,0,AWS-0019;AWS-0056;AWS-0058;AWS-0059;AWS-0060;AWS-0061;AWS-0062;AWS-0063;AWS-0123;AWS-0140;AWS-0141;AWS-0143;AWS-0342;AWS-0345;AWS-0346,,AWS-0019;AWS-0056;AWS-0058;AWS-0059;AWS-0060;AWS-0061;AWS-0062;AWS-0063;AWS-0123;AWS-0140;AWS-0141;AWS-0143;AWS-0342;AWS-0345;AWS-0346,
42,20260901_234956_5eb2f1a2,False,26,24,2,1,1,0,9,9,0,12,11,1,4,3,1,0,0,0,AWS-0019;AWS-0056;AWS-0058;AWS-0059;AWS-0060;AWS-0061;AWS-0062;AWS-0063;AWS-0065;AWS-0086;AWS-0087;AWS-0091;AWS-0092;AWS-0093;AWS-0094;AWS-0123;AWS-0132;AWS-0140;AWS-0141;AWS-0143;AWS-0320;AWS-0342;AWS-0345;AWS-0346,AWS-0089;AWS-0090,AWS-0019;AWS-0056;AWS-0058;AWS-0059;AWS-0060;AWS-0061;AWS-0062;AWS-0063;AWS-0065;AWS-0086;AWS-0087;AWS-0091;AWS-0092;AWS-0093;AWS-0094;AWS-0123;AWS-0132;AWS-0140;AWS-0141;AWS-0143;AWS-0320;AWS-0342;AWS-0345;AWS-0346;AWS-0089;AWS-0090,
43,20260902_001110_ebed55a0,False,35,34,1,5,5,0,13,13,0,11,10,1,6,6,0,0,0,0,AWS-0008;AWS-0009;AWS-0019;AWS-0026;AWS-0027;AWS-0028;AWS-0029;AWS-0056;AWS-0058;AWS-0059;AWS-0060;AWS-0061;AWS-0062;AWS-0063;AWS-0099;AWS-0101;AWS-0102;AWS-0104;AWS-0105;AWS-0107;AWS-0122;AWS-0123;AWS-0124;AWS-0129;AWS-0130;AWS-0131;AWS-0140;AWS-0141;AWS-0143;AWS-0164;AWS-0342;AWS-0344;AWS-0345;AWS-0346,AWS-0178,AWS-0008;AWS-0009;AWS-0019;AWS-0026;AWS-0027;AWS-0028;AWS-0029;AWS-0056;AWS-0058;AWS-0059;AWS-0060;AWS-0061;AWS-0062;AWS-0063;AWS-0099;AWS-0101;AWS-0102;AWS-0104;AWS-0105;AWS-0107;AWS-0122;AWS-0123;AWS-0124;AWS-0129;AWS-0130;AWS-0131;AWS-0140;AWS-0141;AWS-0143;AWS-0164;AWS-0342;AWS-0344;AWS-0345;AWS-0346;AWS-0178,
44,20260902_001355_411588a8,False,35,33,2,5,5,0,13,13,0,11,10,1,6,5,1,0,0,0,AWS-0008;AWS-0009;AWS-0019;AWS-0026;AWS-0027;AWS-0028;AWS-0029;AWS-0056;AWS-0058;AWS-0059;AWS-0060;AWS-0061;AWS-0062;AWS-0063;AWS-0099;AWS-0101;AWS-0102;AWS-0104;AWS-0105;AWS-0107;AWS-0122;AWS-0123;AWS-0129;AWS-0130;AWS-0131;AWS-0140;AWS-0141;AWS-0143;AWS-0164;AWS-0342;AWS-0344;AWS-0345;AWS-0346,AWS-0124;AWS-0178,AWS-0008;AWS-0009;AWS-0019;AWS-0026;AWS-0027;AWS-0028;AWS-0029;AWS-0056;AWS-0058;AWS-0059;AWS-0060;AWS-0061;AWS-0062;AWS-0063;AWS-0099;AWS-0101;AWS-0102;AWS-0104;AWS-0105;AWS-0107;AWS-0122;AWS-0123;AWS-0129;AWS-0130;AWS-0131;AWS-0140;AWS-0141;AWS-0143;AWS-0164;AWS-0342;AWS-0344;AWS-0345;AWS-0346;AWS-0124;AWS-0178,
45,20260902_001841_8c9bf1ce,False,35,34,1,5,5,0,13,13,0,11,10,1,6,6,0,0,0,0,AWS-0008;AWS-0009;AWS-0019;AWS-0026;AWS-0027;AWS-0028;AWS-0029;AWS-0056;AWS-0058;AWS-0059;AWS-0060;AWS-0061;AWS-0062;AWS-0063;AWS-0099;AWS-0101;AWS-0102;AWS-0104;AWS-0105;AWS-0107;AWS-0122;AWS-0123;AWS-0124;AWS-0129;AWS-0130;AWS-0131;AWS-0140;AWS-0141;AWS-0143;AWS-0164;AWS-0342;AWS-0344;AWS-0345;AWS-0346,AWS-0178,AWS-0008;AWS-0009;AWS-0019;AWS-0026;AWS-0027;AWS-0028;AWS-0029;AWS-0056;AWS-0058;AWS-0059;AWS-0060;AWS-0061;AWS-0062;AWS-0063;AWS-0099;AWS-0101;AWS-0102;AWS-0104;AWS-0105;AWS-0107;AWS-0122;AWS-0123;AWS-0124;AWS-0129;AWS-0130;AWS-0131;AWS-0140;AWS-0141;AWS-0143;AWS-0164;AWS-0342;AWS-0344;AWS-0345;AWS-0346;AWS-0178,
46,20260902_002859_5a0a12eb,False,17,14,3,1,1,0,3,3,0,11,8,3,2,2,0,0,0,0,AWS-0019;AWS-0056;AWS-0058;AWS-0059;AWS-0060;AWS-0061;AWS-0062;AWS-0063;AWS-0140;AWS-0141;AWS-0143;AWS-0342;AWS-0345;AWS-0346,AWS-0123,AWS-0019;AWS-0056;AWS-0058;AWS-0059;AWS-0060;AWS-0061;AWS-0062;AWS-0063;AWS-0140;AWS-0141;AWS-0143;AWS-0342;AWS-0345;AWS-0346;AWS-0123,
47,20260902_003017_d7c6cab1,False,35,34,1,5,5,0,13,13,0,11,10,1,6,6,0,0,0,0,AWS-0008;AWS-0009;AWS-0019;AWS-0026;AWS-0027;AWS-0028;AWS-0029;AWS-0056;AWS-0058;AWS-0059;AWS-0060;AWS-0061;AWS-0062;AWS-0063;AWS-0099;AWS-0101;AWS-0102;AWS-0104;AWS-0105;AWS-0107;AWS-0122;AWS-0123;AWS-0124;AWS-0129;AWS-0130;AWS-0131;AWS-0140;AWS-0141;AWS-0143;AWS-0164;AWS-0342;AWS-0344;AWS-0345;AWS-0346,AWS-0178,AWS-0008;AWS-0009;AWS-0019;AWS-0026;AWS-0027;AWS-0028;AWS-0029;AWS-0056;AWS-0058;AWS-0059;AWS-0060;AWS-0061;AWS-0062;AWS-0063;AWS-0099;AWS-0101;AWS-0102;AWS-0104;AWS-0105;AWS-0107;AWS-0122;AWS-0123;AWS-0124;AWS-0129;AWS-0130;AWS-0131;AWS-0140;AWS-0141;AWS-0143;AWS-0164;AWS-0342;AWS-0344;AWS-0345;AWS-0346;AWS-0178,
48,20260902_003346_5b3b2929,False,35,34,1,5,5,0,13,13,0,11,10,1,6,6,0,0,0,0,AWS-0008;AWS-0009;AWS-0019;AWS-0026;AWS-0027;AWS-0028;AWS-0029;AWS-0056;AWS-0058;AWS-0059;AWS-0060;AWS-0061;AWS-0062;AWS-0063;AWS-0099;AWS-0101;AWS-0102;AWS-0104;AWS-0105;AWS-0107;AWS-0122;AWS-0123;AWS-0124;AWS-0129;AWS-0130;AWS-0131;AWS-0140;AWS-0141;AWS-0143;AWS-0164;AWS-0342;AWS-0344;AWS-0345;AWS-0346,AWS-0178,AWS-0008;AWS-0009;AWS-0019;AWS-0026;AWS-0027;AWS-0028;AWS-0029;AWS-0056;AWS-0058;AWS-0059;AWS-0060;AWS-0061;AWS-0062;AWS-0063;AWS-0099;AWS-0101;AWS-0102;AWS-0104;AWS-0105;AWS-0107;AWS-0122;AWS-0123;AWS-0124;AWS-0129;AWS-0130;AWS-0131;AWS-0140;AWS-0141;AWS-0143;AWS-0164;AWS-0342;AWS-0344;AWS-0345;AWS-0346;AWS-0178,
49,20260902_003829_255ca684,False,38,35,3,6,6,0,13,13,0,12,11,1,7,5,2,0,0,0,AWS-0008;AWS-0009;AWS-0019;AWS-0026;AWS-0027;AWS-0028;AWS-0029;AWS-0056;AWS-0058;AWS-0059;AWS-0060;AWS-0061;AWS-0062;AWS-0063;AWS-0065;AWS-0067;AWS-0099;AWS-0101;AWS-0102;AWS-0104;AWS-0105;AWS-0107;AWS-0122;AWS-0123;AWS-0129;AWS-0130;AWS-0131;AWS-0140;AWS-0141;AWS-0143;AWS-0164;AWS-0342;AWS-0344;AWS-0345;AWS-0346,AWS-0066;AWS-0124;AWS-0178,AWS-0008;AWS-0009;AWS-0019;AWS-0026;AWS-0027;AWS-0028;AWS-0029;AWS-0056;AWS-0058;AWS-0059;AWS-0060;AWS-0061;AWS-0062;AWS-0063;AWS-0065;AWS-0067;AWS-0099;AWS-0101;AWS-0102;AWS-0104;AWS-0105;AWS-0107;AWS-0122;AWS-0123;AWS-0129;AWS-0130;AWS-0131;AWS-0140;AWS-0141;AWS-0143;AWS-0164;AWS-0342;AWS-0344;AWS-0345;AWS-0346;AWS-0066;AWS-0124;AWS-0178,
50,20260902_010130_1cd19956,False,35,34,1,5,5,0,13,13,0,11,10,1,6,6,0,0,0,0,AWS-0008;AWS-0009;AWS-0019;AWS-0026;AWS-0027;AWS-0028;AWS-0029;AWS-0056;AWS-0058;AWS-0059;AWS-0060;AWS-0061;AWS-0062;AWS-0063;AWS-0099;AWS-0101;AWS-0102;AWS-0104;AWS-0105;AWS-0107;AWS-0122;AWS-0123;AWS-0124;AWS-0129;AWS-0130;AWS-0131;AWS-0140;AWS-0141;AWS-0143;AWS-0164;AWS-0342;AWS-0344;AWS-0345;AWS-0346,AWS-0178,AWS-0008;AWS-0009;AWS-0019;AWS-0026;AWS-0027;AWS-0028;AWS-0029;AWS-0056;AWS-0058;AWS-0059;AWS-0060;AWS-0061;AWS-0062;AWS-0063;AWS-0099;AWS-0101;AWS-0102;AWS-0104;AWS-0105;AWS-0107;AWS-0122;AWS-0123;AWS-0124;AWS-0129;AWS-0130;AWS-0131;AWS-0140;AWS-0141;AWS-0143;AWS-0164;AWS-0342;AWS-0344;AWS-0345;AWS-0346;AWS-0178,
51,20260902_010848_e919dcf5,False,18,16,2,2,2,0,3,3,0,9,9,0,4,2,2,0,0,0,AWS-0019;AWS-0056;AWS-0058;AWS-0059;AWS-0060;AWS-0061;AWS-0062;AWS-0063;AWS-0067;AWS-0123;AWS-0140;AWS-0141;AWS-0143;AWS-0342;AWS-0345;AWS-0346,AWS-0017;AWS-0066,AWS-0019;AWS-0056;AWS-0058;AWS-0059;AWS-0060;AWS-0061;AWS-0062;AWS-0063;AWS-0067;AWS-0123;AWS-0140;AWS-0141;AWS-0143;AWS-0342;AWS-0345;AWS-0346;AWS-0017;AWS-0066,
52,20260902_013457_84c3af1a,True,15,15,0,1,1,0,3,3,0,9,9,0,2,2,0,0,0,0,AWS-0019;AWS-0056;AWS-0058;AWS-0059;AWS-0060;AWS-0061;AWS-0062;AWS-0063;AWS-0123;AWS-0140;AWS-0141;AWS-0143;AWS-0342;AWS-0345;AWS-0346,,AWS-0019;AWS-0056;AWS-0058;AWS-0059;AWS-0060;AWS-0061;AWS-0062;AWS-0063;AWS-0123;AWS-0140;AWS-0141;AWS-0143;AWS-0342;AWS-0345;AWS-0346,
53,20260902_014351_1aee9f2b,False,15,14,1,1,1,0,3,3,0,9,8,1,2,2,0,0,0,0,AWS-0019;AWS-0056;AWS-0058;AWS-0059;AWS-0060;AWS-0061;AWS-0062;AWS-0063;AWS-0140;AWS-0141;AWS-0143;AWS-0342;AWS-0345;AWS-0346,AWS-0123,AWS-0019;AWS-0056;AWS-0058;AWS-0059;AWS-0060;AWS-0061;AWS-0062;AWS-0063;AWS-0140;AWS-0141;AWS-0143;AWS-0342;AWS-0345;AWS-0346;AWS-0123,
54,20260902_015126_d254c3e8,False,35,34,1,5,5,0,13,13,0,11,10,1,6,6,0,0,0,0,AWS-0008;AWS-0009;AWS-0019;AWS-0026;AWS-0027;AWS-0028;AWS-0029;AWS-0056;AWS-0058;AWS-0059;AWS-0060;AWS-0061;AWS-0062;AWS-0063;AWS-0099;AWS-0101;AWS-0102;AWS-0104;AWS-0105;AWS-0107;AWS-0122;AWS-0123;AWS-0124;AWS-0129;AWS-0130;AWS-0131;AWS-0140;AWS-0141;AWS-0143;AWS-0164;AWS-0342;AWS-0344;AWS-0345;AWS-0346,AWS-0178,AWS-0008;AWS-0009;AWS-0019;AWS-0026;AWS-0027;AWS-0028;AWS-0029;AWS-0056;AWS-0058;AWS-0059;AWS-0060;AWS-0061;AWS-0062;AWS-0063;AWS-0099;AWS-0101;AWS-0102;AWS-0104;AWS-0105;AWS-0107;AWS-0122;AWS-0123;AWS-0124;AWS-0129;AWS-0130;AWS-0131;AWS-0140;AWS-0141;AWS-0143;AWS-0164;AWS-0342;AWS-0344;AWS-0345;AWS-0346;AWS-0178,
55,20260902_015636_0fe41b54,True,18,18,0,1,1,0,6,6,0,9,9,0,2,2,0,0,0,0,AWS-0019;AWS-0056;AWS-0058;AWS-0059;AWS-0060;AWS-0061;AWS-0062;AWS-0063;AWS-0096;AWS-0097;AWS-0123;AWS-0135;AWS-0140;AWS-0141;AWS-0143;AWS-0342;AWS-0345;AWS-0346,,AWS-0019;AWS-0056;AWS-0058;AWS-0059;AWS-0060;AWS-0061;AWS-0062;AWS-0063;AWS-0096;AWS-0097;AWS-0123;AWS-0135;AWS-0140;AWS-0141;AWS-0143;AWS-0342;AWS-0345;AWS-0346,
56,20260902_020935_c54e9e7e,False,27,24,3,1,1,0,9,9,0,12,12,0,5,2,3,0,0,0,AWS-0019;AWS-0056;AWS-0058;AWS-0059;AWS-0060;AWS-0061;AWS-0062;AWS-0063;AWS-0065;AWS-0086;AWS-0087;AWS-0090;AWS-0091;AWS-0092;AWS-0093;AWS-0094;AWS-0123;AWS-0132;AWS-0140;AWS-0141;AWS-0320;AWS-0342;AWS-0345;AWS-0346,AWS-0089;AWS-0098;AWS-0143,AWS-0019;AWS-0056;AWS-0058;AWS-0059;AWS-0060;AWS-0061;AWS-0062;AWS-0063;AWS-0065;AWS-0086;AWS-0087;AWS-0090;AWS-0091;AWS-0092;AWS-0093;AWS-0094;AWS-0123;AWS-0132;AWS-0140;AWS-0141;AWS-0320;AWS-0342;AWS-0345;AWS-0346;AWS-0089;AWS-0098;AWS-0143,
57,20260902_022956_2c3e3d70,True,20,20,0,1,1,0,6,6,0,10,10,0,3,3,0,0,0,0,AWS-0019;AWS-0030;AWS-0031;AWS-0032;AWS-0033;AWS-0056;AWS-0058;AWS-0059;AWS-0060;AWS-0061;AWS-0062;AWS-0063;AWS-0065;AWS-0123;AWS-0140;AWS-0141;AWS-0143;AWS-0342;AWS-0345;AWS-0346,,AWS-0019;AWS-0030;AWS-0031;AWS-0032;AWS-0033;AWS-0056;AWS-0058;AWS-0059;AWS-0060;AWS-0061;AWS-0062;AWS-0063;AWS-0065;AWS-0123;AWS-0140;AWS-0141;AWS-0143;AWS-0342;AWS-0345;AWS-0346,
58,20260902_023705_1089aa13,False,17,14,3,1,1,0,3,3,0,9,9,0,4,1,3,0,0,0,AWS-0019;AWS-0056;AWS-0058;AWS-0059;AWS-0060;AWS-0061;AWS-0062;AWS-0063;AWS-0123;AWS-0140;AWS-0141;AWS-0342;AWS-0345;AWS-0346,AWS-0143,AWS-0019;AWS-0056;AWS-0058;AWS-0059;AWS-0060;AWS-0061;AWS-0062;AWS-0063;AWS-0123;AWS-0140;AWS-0141;AWS-0342;AWS-0345;AWS-0346;AWS-0143,
59,20260902_023839_60b105b0,True,15,15,0,1,1,0,3,3,0,9,9,0,2,2,0,0,0,0,AWS-0019;AWS-0056;AWS-0058;AWS-0059;AWS-0060;AWS-0061;AWS-0062;AWS-0063;AWS-0123;AWS-0140;AWS-0141;AWS-0143;AWS-0342;AWS-0345;AWS-0346,,AWS-0019;AWS-0056;AWS-0058;AWS-0059;AWS-0060;AWS-0061;AWS-0062;AWS-0063;AWS-0123;AWS-0140;AWS-0141;AWS-0143;AWS-0342;AWS-0345;AWS-0346,
60,20260902_024328_c2b321c0,False,28,27,1,1,1,0,11,11,0,12,12,0,4,3,1,0,0,0,AWS-0019;AWS-0056;AWS-0058;AWS-0059;AWS-0060;AWS-0061;AWS-0062;AWS-0063;AWS-0065;AWS-0086;AWS-0087;AWS-0090;AWS-0091;AWS-0092;AWS-0093;AWS-0094;AWS-0095;AWS-0123;AWS-0132;AWS-0136;AWS-0140;AWS-0141;AWS-0143;AWS-0320;AWS-0342;AWS-0345;AWS-0346,AWS-0089,AWS-0019;AWS-0056;AWS-0058;AWS-0059;AWS-0060;AWS-0061;AWS-0062;AWS-0063;AWS-0065;AWS-0086;AWS-0087;AWS-0090;AWS-0091;AWS-0092;AWS-0093;AWS-0094;AWS-0095;AWS-0123;AWS-0132;AWS-0136;AWS-0140;AWS-0141;AWS-0143;AWS-0320;AWS-0342;AWS-0345;AWS-0346;AWS-0089,
61,20260902_030056_00ef8b90,False,48,33,15,5,5,0,13,13,0,11,10,1,19,5,14,0,0,0,AWS-0008;AWS-0009;AWS-0019;AWS-0026;AWS-0027;AWS-0028;AWS-0029;AWS-0056;AWS-0058;AWS-0059;AWS-0060;AWS-0061;AWS-0062;AWS-0063;AWS-0099;AWS-0101;AWS-0102;AWS-0104;AWS-0105;AWS-0107;AWS-0122;AWS-0123;AWS-0129;AWS-0130;AWS-0131;AWS-0140;AWS-0141;AWS-0143;AWS-0164;AWS-0342;AWS-0344;AWS-0345;AWS-0346,AWS-0124;AWS-0178,AWS-0008;AWS-0009;AWS-0019;AWS-0026;AWS-0027;AWS-0028;AWS-0029;AWS-0056;AWS-0058;AWS-0059;AWS-0060;AWS-0061;AWS-0062;AWS-0063;AWS-0099;AWS-0101;AWS-0102;AWS-0104;AWS-0105;AWS-0107;AWS-0122;AWS-0123;AWS-0129;AWS-0130;AWS-0131;AWS-0140;AWS-0141;AWS-0143;AWS-0164;AWS-0342;AWS-0344;AWS-0345;AWS-0346;AWS-0124;AWS-0178,
62,20260902_030809_da628729,False,35,33,2,5,5,0,13,13,0,11,10,1,6,5,1,0,0,0,AWS-0008;AWS-0009;AWS-0019;AWS-0026;AWS-0027;AWS-0028;AWS-0029;AWS-0056;AWS-0058;AWS-0059;AWS-0060;AWS-0061;AWS-0062;AWS-0063;AWS-0101;AWS-0102;AWS-0104;AWS-0105;AWS-0107;AWS-0122;AWS-0123;AWS-0124;AWS-0129;AWS-0130;AWS-0131;AWS-0140;AWS-0141;AWS-0143;AWS-0164;AWS-0342;AWS-0344;AWS-0345;AWS-0346,AWS-0099;AWS-0178,AWS-0008;AWS-0009;AWS-0019;AWS-0026;AWS-0027;AWS-0028;AWS-0029;AWS-0056;AWS-0058;AWS-0059;AWS-0060;AWS-0061;AWS-0062;AWS-0063;AWS-0101;AWS-0102;AWS-0104;AWS-0105;AWS-0107;AWS-0122;AWS-0123;AWS-0124;AWS-0129;AWS-0130;AWS-0131;AWS-0140;AWS-0141;AWS-0143;AWS-0164;AWS-0342;AWS-0344;AWS-0345;AWS-0346;AWS-0099;AWS-0178,
63,20260902_031554_cf9c99ee,False,43,33,10,5,5,0,13,13,0,11,10,1,14,5,9,0,0,0,AWS-0008;AWS-0009;AWS-0019;AWS-0026;AWS-0027;AWS-0028;AWS-0029;AWS-0056;AWS-0058;AWS-0059;AWS-0060;AWS-0061;AWS-0062;AWS-0063;AWS-0099;AWS-0101;AWS-0102;AWS-0104;AWS-0105;AWS-0107;AWS-0122;AWS-0123;AWS-0129;AWS-0130;AWS-0131;AWS-0140;AWS-0141;AWS-0143;AWS-0164;AWS-0342;AWS-0344;AWS-0345;AWS-0346,AWS-0124;AWS-0178,AWS-0008;AWS-0009;AWS-0019;AWS-0026;AWS-0027;AWS-0028;AWS-0029;AWS-0056;AWS-0058;AWS-0059;AWS-0060;AWS-0061;AWS-0062;AWS-0063;AWS-0099;AWS-0101;AWS-0102;AWS-0104;AWS-0105;AWS-0107;AWS-0122;AWS-0123;AWS-0129;AWS-0130;AWS-0131;AWS-0140;AWS-0141;AWS-0143;AWS-0164;AWS-0342;AWS-0344;AWS-0345;AWS-0346;AWS-0124;AWS-0178,
64,20260902_032153_354dcad3,False,25,19,6,1,1,0,5,5,0,12,10,2,7,3,4,0,0,0,AWS-0002;AWS-0004;AWS-0005;AWS-0019;AWS-0023;AWS-0056;AWS-0058;AWS-0059;AWS-0060;AWS-0061;AWS-0062;AWS-0063;AWS-0123;AWS-0140;AWS-0141;AWS-0143;AWS-0342;AWS-0345;AWS-0346,AWS-0001;AWS-0003;AWS-0017;AWS-0024;AWS-0025;AWS-0190,AWS-0002;AWS-0004;AWS-0005;AWS-0019;AWS-0023;AWS-0056;AWS-0058;AWS-0059;AWS-0060;AWS-0061;AWS-0062;AWS-0063;AWS-0123;AWS-0140;AWS-0141;AWS-0143;AWS-0342;AWS-0345;AWS-0346;AWS-0001;AWS-0003;AWS-0017;AWS-0024;AWS-0025;AWS-0190,
65,20260902_040900_b811cb57,False,26,24,2,1,1,0,9,9,0,12,10,2,4,4,0,0,0,0,AWS-0019;AWS-0056;AWS-0058;AWS-0059;AWS-0060;AWS-0061;AWS-0062;AWS-0063;AWS-0086;AWS-0087;AWS-0089;AWS-0091;AWS-0092;AWS-0093;AWS-0094;AWS-0123;AWS-0132;AWS-0140;AWS-0141;AWS-0143;AWS-0320;AWS-0342;AWS-0345;AWS-0346,AWS-0065;AWS-0090,AWS-0019;AWS-0056;AWS-0058;AWS-0059;AWS-0060;AWS-0061;AWS-0062;AWS-0063;AWS-0086;AWS-0087;AWS-0089;AWS-0091;AWS-0092;AWS-0093;AWS-0094;AWS-0123;AWS-0132;AWS-0140;AWS-0141;AWS-0143;AWS-0320;AWS-0342;AWS-0345;AWS-0346;AWS-0065;AWS-0090,
66,20260902_041350_645f868b,False,15,14,1,1,1,0,3,3,0,9,8,1,2,2,0,0,0,0,AWS-0019;AWS-0056;AWS-0058;AWS-0059;AWS-0060;AWS-0061;AWS-0062;AWS-0063;AWS-0123;AWS-0140;AWS-0141;AWS-0143;AWS-0345;AWS-0346,AWS-0342,AWS-0019;AWS-0056;AWS-0058;AWS-0059;AWS-0060;AWS-0061;AWS-0062;AWS-0063;AWS-0123;AWS-0140;AWS-0141;AWS-0143;AWS-0345;AWS-0346;AWS-0342,
67,20260902_041544_20ae06cb,True,15,15,0,1,1,0,3,3,0,9,9,0,2,2,0,0,0,0,AWS-0019;AWS-0056;AWS-0058;AWS-0059;AWS-0060;AWS-0061;AWS-0062;AWS-0063;AWS-0123;AWS-0140;AWS-0141;AWS-0143;AWS-0342;AWS-0345;AWS-0346,,AWS-0019;AWS-0056;AWS-0058;AWS-0059;AWS-0060;AWS-0061;AWS-0062;AWS-0063;AWS-0123;AWS-0140;AWS-0141;AWS-0143;AWS-0342;AWS-0345;AWS-0346,
68,20260902_044011_2d4d0529,False,35,33,2,5,5,0,13,13,0,11,10,1,6,5,1,0,0,0,AWS-0008;AWS-0009;AWS-0019;AWS-0026;AWS-0027;AWS-0028;AWS-0029;AWS-0056;AWS-0058;AWS-0059;AWS-0060;AWS-0061;AWS-0062;AWS-0063;AWS-0099;AWS-0101;AWS-0102;AWS-0104;AWS-0105;AWS-0107;AWS-0122;AWS-0123;AWS-0129;AWS-0130;AWS-0131;AWS-0140;AWS-0141;AWS-0143;AWS-0164;AWS-0342;AWS-0344;AWS-0345;AWS-0346,AWS-0124;AWS-0178,AWS-0008;AWS-0009;AWS-0019;AWS-0026;AWS-0027;AWS-0028;AWS-0029;AWS-0056;AWS-0058;AWS-0059;AWS-0060;AWS-0061;AWS-0062;AWS-0063;AWS-0099;AWS-0101;AWS-0102;AWS-0104;AWS-0105;AWS-0107;AWS-0122;AWS-0123;AWS-0129;AWS-0130;AWS-0131;AWS-0140;AWS-0141;AWS-0143;AWS-0164;AWS-0342;AWS-0344;AWS-0345;AWS-0346;AWS-0124;AWS-0178,
69,20260902_044308_adf24885,True,16,16,0,1,1,0,3,3,0,10,10,0,2,2,0,0,0,0,AWS-0019;AWS-0056;AWS-0058;AWS-0059;AWS-0060;AWS-0061;AWS-0062;AWS-0063;AWS-0065;AWS-0123;AWS-0140;AWS-0141;AWS-0143;AWS-0342;AWS-0345;AWS-0346,,AWS-0019;AWS-0056;AWS-0058;AWS-0059;AWS-0060;AWS-0061;AWS-0062;AWS-0063;AWS-0065;AWS-0123;AWS-0140;AWS-0141;AWS-0143;AWS-0342;AWS-0345;AWS-0346,
70,20260902_050530_9079b9e2,False,26,24,2,1,1,0,9,9,0,12,11,1,4,3,1,0,0,0,AWS-0019;AWS-0056;AWS-0058;AWS-0059;AWS-0060;AWS-0061;AWS-0062;AWS-0063;AWS-0065;AWS-0086;AWS-0087;AWS-0091;AWS-0092;AWS-0093;AWS-0094;AWS-0123;AWS-0132;AWS-0140;AWS-0141;AWS-0143;AWS-0320;AWS-0342;AWS-0345;AWS-0346,AWS-0089;AWS-0090,AWS-0019;AWS-0056;AWS-0058;AWS-0059;AWS-0060;AWS-0061;AWS-0062;AWS-0063;AWS-0065;AWS-0086;AWS-0087;AWS-0091;AWS-0092;AWS-0093;AWS-0094;AWS-0123;AWS-0132;AWS-0140;AWS-0141;AWS-0143;AWS-0320;AWS-0342;AWS-0345;AWS-0346;AWS-0089;AWS-0090,
71,20260902_051118_cc938c64,False,37,33,4,5,5,0,13,13,0,12,10,2,7,5,2,0,0,0,AWS-0008;AWS-0009;AWS-0019;AWS-0026;AWS-0027;AWS-0028;AWS-0029;AWS-0056;AWS-0058;AWS-0059;AWS-0060;AWS-0061;AWS-0062;AWS-0063;AWS-0099;AWS-0101;AWS-0102;AWS-0104;AWS-0105;AWS-0107;AWS-0122;AWS-0123;AWS-0129;AWS-0130;AWS-0131;AWS-0140;AWS-0141;AWS-0143;AWS-0164;AWS-0342;AWS-0344;AWS-0345;AWS-0346,AWS-0124;AWS-0178,AWS-0008;AWS-0009;AWS-0019;AWS-0026;AWS-0027;AWS-0028;AWS-0029;AWS-0056;AWS-0058;AWS-0059;AWS-0060;AWS-0061;AWS-0062;AWS-0063;AWS-0099;AWS-0101;AWS-0102;AWS-0104;AWS-0105;AWS-0107;AWS-0122;AWS-0123;AWS-0129;AWS-0130;AWS-0131;AWS-0140;AWS-0141;AWS-0143;AWS-0164;AWS-0342;AWS-0344;AWS-0345;AWS-0346;AWS-0124;AWS-0178,
72,20260902_052050_a37b9176,False,50,39,11,8,8,0,17,16,1,11,10,1,14,5,9,0,0,0,AWS-0008;AWS-0009;AWS-0019;AWS-0026;AWS-0027;AWS-0028;AWS-0029;AWS-0035;AWS-0036;AWS-0037;AWS-0047;AWS-0052;AWS-0054;AWS-0056;AWS-0058;AWS-0059;AWS-0060;AWS-0061;AWS-0062;AWS-0063;AWS-0099;AWS-0101;AWS-0102;AWS-0104;AWS-0105;AWS-0107;AWS-0122;AWS-0123;AWS-0129;AWS-0130;AWS-0131;AWS-0140;AWS-0141;AWS-0143;AWS-0164;AWS-0342;AWS-0344;AWS-0345;AWS-0346,AWS-0017;AWS-0034;AWS-0053;AWS-0124;AWS-0178,AWS-0008;AWS-0009;AWS-0019;AWS-0026;AWS-0027;AWS-0028;AWS-0029;AWS-0035;AWS-0036;AWS-0037;AWS-0047;AWS-0052;AWS-0054;AWS-0056;AWS-0058;AWS-0059;AWS-0060;AWS-0061;AWS-0062;AWS-0063;AWS-0099;AWS-0101;AWS-0102;AWS-0104;AWS-0105;AWS-0107;AWS-0122;AWS-0123;AWS-0129;AWS-0130;AWS-0131;AWS-0140;AWS-0141;AWS-0143;AWS-0164;AWS-0342;AWS-0344;AWS-0345;AWS-0346;AWS-0017;AWS-0034;AWS-0053;AWS-0124;AWS-0178,
73,20260902_053844_cee748ce,False,35,34,1,5,5,0,13,13,0,11,10,1,6,6,0,0,0,0,AWS-0008;AWS-0009;AWS-0019;AWS-0026;AWS-0027;AWS-0028;AWS-0029;AWS-0056;AWS-0058;AWS-0059;AWS-0060;AWS-0061;AWS-0062;AWS-0063;AWS-0099;AWS-0101;AWS-0102;AWS-0104;AWS-0105;AWS-0107;AWS-0122;AWS-0123;AWS-0124;AWS-0129;AWS-0130;AWS-0131;AWS-0140;AWS-0141;AWS-0143;AWS-0164;AWS-0342;AWS-0344;AWS-0345;AWS-0346,AWS-0178,AWS-0008;AWS-0009;AWS-0019;AWS-0026;AWS-0027;AWS-0028;AWS-0029;AWS-0056;AWS-0058;AWS-0059;AWS-0060;AWS-0061;AWS-0062;AWS-0063;AWS-0099;AWS-0101;AWS-0102;AWS-0104;AWS-0105;AWS-0107;AWS-0122;AWS-0123;AWS-0124;AWS-0129;AWS-0130;AWS-0131;AWS-0140;AWS-0141;AWS-0143;AWS-0164;AWS-0342;AWS-0344;AWS-0345;AWS-0346;AWS-0178,
74,20260902_055324_a83c54d9,False,41,33,8,5,5,0,13,13,0,11,10,1,12,5,7,0,0,0,AWS-0008;AWS-0009;AWS-0019;AWS-0026;AWS-0027;AWS-0028;AWS-0029;AWS-0056;AWS-0058;AWS-0059;AWS-0060;AWS-0061;AWS-0062;AWS-0063;AWS-0099;AWS-0101;AWS-0102;AWS-0104;AWS-0105;AWS-0107;AWS-0122;AWS-0123;AWS-0129;AWS-0130;AWS-0131;AWS-0140;AWS-0141;AWS-0143;AWS-0164;AWS-0342;AWS-0344;AWS-0345;AWS-0346,AWS-0124;AWS-0178,AWS-0008;AWS-0009;AWS-0019;AWS-0026;AWS-0027;AWS-0028;AWS-0029;AWS-0056;AWS-0058;AWS-0059;AWS-0060;AWS-0061;AWS-0062;AWS-0063;AWS-0099;AWS-0101;AWS-0102;AWS-0104;AWS-0105;AWS-0107;AWS-0122;AWS-0123;AWS-0129;AWS-0130;AWS-0131;AWS-0140;AWS-0141;AWS-0143;AWS-0164;AWS-0342;AWS-0344;AWS-0345;AWS-0346;AWS-0124;AWS-0178,
75,20260902_055913_911a06d4,False,49,33,16,5,5,0,13,13,0,11,10,1,20,5,15,0,0,0,AWS-0008;AWS-0009;AWS-0019;AWS-0026;AWS-0027;AWS-0028;AWS-0029;AWS-0056;AWS-0058;AWS-0059;AWS-0060;AWS-0061;AWS-0062;AWS-0063;AWS-0099;AWS-0101;AWS-0102;AWS-0104;AWS-0105;AWS-0107;AWS-0122;AWS-0123;AWS-0129;AWS-0130;AWS-0131;AWS-0140;AWS-0141;AWS-0143;AWS-0164;AWS-0342;AWS-0344;AWS-0345;AWS-0346,AWS-0124;AWS-0178,AWS-0008;AWS-0009;AWS-0019;AWS-0026;AWS-0027;AWS-0028;AWS-0029;AWS-0056;AWS-0058;AWS-0059;AWS-0060;AWS-0061;AWS-0062;AWS-0063;AWS-0099;AWS-0101;AWS-0102;AWS-0104;AWS-0105;AWS-0107;AWS-0122;AWS-0123;AWS-0129;AWS-0130;AWS-0131;AWS-0140;AWS-0141;AWS-0143;AWS-0164;AWS-0342;AWS-0344;AWS-0345;AWS-0346;AWS-0124;AWS-0178,
76,20260902_060819_70cc64ba,True,18,18,0,1,1,0,6,6,0,9,9,0,2,2,0,0,0,0,AWS-0019;AWS-0056;AWS-0058;AWS-0059;AWS-0060;AWS-0061;AWS-0062;AWS-0063;AWS-0096;AWS-0097;AWS-0123;AWS-0135;AWS-0140;AWS-0141;AWS-0143;AWS-0342;AWS-0345;AWS-0346,,AWS-0019;AWS-0056;AWS-0058;AWS-0059;AWS-0060;AWS-0061;AWS-0062;AWS-0063;AWS-0096;AWS-0097;AWS-0123;AWS-0135;AWS-0140;AWS-0141;AWS-0143;AWS-0342;AWS-0345;AWS-0346,
77,20260902_061541_620b7207,True,15,15,0,1,1,0,3,3,0,9,9,0,2,2,0,0,0,0,AWS-0019;AWS-0056;AWS-0058;AWS-0059;AWS-0060;AWS-0061;AWS-0062;AWS-0063;AWS-0123;AWS-0140;AWS-0141;AWS-0143;AWS-0342;AWS-0345;AWS-0346,,AWS-0019;AWS-0056;AWS-0058;AWS-0059;AWS-0060;AWS-0061;AWS-0062;AWS-0063;AWS-0123;AWS-0140;AWS-0141;AWS-0143;AWS-0342;AWS-0345;AWS-0346,
78,20260902_062502_41fcbf0a,True,15,15,0,1,1,0,3,3,0,9,9,0,2,2,0,0,0,0,AWS-0019;AWS-0056;AWS-0058;AWS-0059;AWS-0060;AWS-0061;AWS-0062;AWS-0063;AWS-0123;AWS-0140;AWS-0141;AWS-0143;AWS-0342;AWS-0345;AWS-0346,,AWS-0019;AWS-0056;AWS-0058;AWS-0059;AWS-0060;AWS-0061;AWS-0062;AWS-0063;AWS-0123;AWS-0140;AWS-0141;AWS-0143;AWS-0342;AWS-0345;AWS-0346,
79,20260902_070647_52be55cb,False,35,34,1,5,5,0,13,13,0,11,10,1,6,6,0,0,0,0,AWS-0008;AWS-0009;AWS-0019;AWS-0026;AWS-0027;AWS-0028;AWS-0029;AWS-0056;AWS-0058;AWS-0059;AWS-0060;AWS-0061;AWS-0062;AWS-0063;AWS-0099;AWS-0101;AWS-0102;AWS-0104;AWS-0105;AWS-0107;AWS-0122;AWS-0123;AWS-0124;AWS-0129;AWS-0130;AWS-0131;AWS-0140;AWS-0141;AWS-0143;AWS-0164;AWS-0342;AWS-0344;AWS-0345;AWS-0346,AWS-0178,AWS-0008;AWS-0009;AWS-0019;AWS-0026;AWS-0027;AWS-0028;AWS-0029;AWS-0056;AWS-0058;AWS-0059;AWS-0060;AWS-0061;AWS-0062;AWS-0063;AWS-0099;AWS-0101;AWS-0102;AWS-0104;AWS-0105;AWS-0107;AWS-0122;AWS-0123;AWS-0124;AWS-0129;AWS-0130;AWS-0131;AWS-0140;AWS-0141;AWS-0143;AWS-0164;AWS-0342;AWS-0344;AWS-0345;AWS-0346;AWS-0178,
80,20260902_070836_f89a4195,False,38,32,6,5,5,0,13,13,0,13,9,4,7,5,2,0,0,0,AWS-0008;AWS-0009;AWS-0019;AWS-0026;AWS-0027;AWS-0028;AWS-0029;AWS-0056;AWS-0058;AWS-0059;AWS-0060;AWS-0061;AWS-0062;AWS-0063;AWS-0099;AWS-0101;AWS-0102;AWS-0104;AWS-0107;AWS-0122;AWS-0123;AWS-0129;AWS-0130;AWS-0131;AWS-0140;AWS-0141;AWS-0143;AWS-0164;AWS-0342;AWS-0344;AWS-0345;AWS-0346,AWS-0105;AWS-0124;AWS-0178,AWS-0008;AWS-0009;AWS-0019;AWS-0026;AWS-0027;AWS-0028;AWS-0029;AWS-0056;AWS-0058;AWS-0059;AWS-0060;AWS-0061;AWS-0062;AWS-0063;AWS-0099;AWS-0101;AWS-0102;AWS-0104;AWS-0107;AWS-0122;AWS-0123;AWS-0129;AWS-0130;AWS-0131;AWS-0140;AWS-0141;AWS-0143;AWS-0164;AWS-0342;AWS-0344;AWS-0345;AWS-0346;AWS-0105;AWS-0124;AWS-0178,
81,20260902_071632_2505084b,False,35,34,1,5,5,0,13,13,0,11,10,1,6,6,0,0,0,0,AWS-0008;AWS-0009;AWS-0019;AWS-0026;AWS-0027;AWS-0028;AWS-0029;AWS-0056;AWS-0058;AWS-0059;AWS-0060;AWS-0061;AWS-0062;AWS-0063;AWS-0099;AWS-0101;AWS-0102;AWS-0104;AWS-0105;AWS-0107;AWS-0122;AWS-0123;AWS-0124;AWS-0129;AWS-0130;AWS-0131;AWS-0140;AWS-0141;AWS-0143;AWS-0164;AWS-0342;AWS-0344;AWS-0345;AWS-0346,AWS-0178,AWS-0008;AWS-0009;AWS-0019;AWS-0026;AWS-0027;AWS-0028;AWS-0029;AWS-0056;AWS-0058;AWS-0059;AWS-0060;AWS-0061;AWS-0062;AWS-0063;AWS-0099;AWS-0101;AWS-0102;AWS-0104;AWS-0105;AWS-0107;AWS-0122;AWS-0123;AWS-0124;AWS-0129;AWS-0130;AWS-0131;AWS-0140;AWS-0141;AWS-0143;AWS-0164;AWS-0342;AWS-0344;AWS-0345;AWS-0346;AWS-0178,
82,20260902_072252_e64b9210,False,25,24,1,1,1,0,9,9,0,11,11,0,4,3,1,0,0,0,AWS-0019;AWS-0056;AWS-0058;AWS-0059;AWS-0060;AWS-0061;AWS-0062;AWS-0063;AWS-0086;AWS-0087;AWS-0090;AWS-0091;AWS-0092;AWS-0093;AWS-0094;AWS-0123;AWS-0132;AWS-0140;AWS-0141;AWS-0143;AWS-0320;AWS-0342;AWS-0345;AWS-0346,AWS-0089,AWS-0019;AWS-0056;AWS-0058;AWS-0059;AWS-0060;AWS-0061;AWS-0062;AWS-0063;AWS-0086;AWS-0087;AWS-0090;AWS-0091;AWS-0092;AWS-0093;AWS-0094;AWS-0123;AWS-0132;AWS-0140;AWS-0141;AWS-0143;AWS-0320;AWS-0342;AWS-0345;AWS-0346;AWS-0089,
83,20260902_074304_33018a71,False,25,23,2,1,1,0,9,9,0,11,10,1,4,3,1,0,0,0,AWS-0019;AWS-0056;AWS-0058;AWS-0059;AWS-0060;AWS-0061;AWS-0062;AWS-0063;AWS-0086;AWS-0087;AWS-0091;AWS-0092;AWS-0093;AWS-0094;AWS-0123;AWS-0132;AWS-0140;AWS-0141;AWS-0143;AWS-0320;AWS-0342;AWS-0345;AWS-0346,AWS-0089;AWS-0090,AWS-0019;AWS-0056;AWS-0058;AWS-0059;AWS-0060;AWS-0061;AWS-0062;AWS-0063;AWS-0086;AWS-0087;AWS-0091;AWS-0092;AWS-0093;AWS-0094;AWS-0123;AWS-0132;AWS-0140;AWS-0141;AWS-0143;AWS-0320;AWS-0342;AWS-0345;AWS-0346;AWS-0089;AWS-0090,
84,20260902_075348_071b7772,False,27,23,4,1,1,0,9,8,1,13,11,2,4,3,1,0,0,0,AWS-0019;AWS-0056;AWS-0058;AWS-0059;AWS-0060;AWS-0061;AWS-0062;AWS-0063;AWS-0065;AWS-0086;AWS-0087;AWS-0091;AWS-0092;AWS-0093;AWS-0094;AWS-0123;AWS-0140;AWS-0141;AWS-0143;AWS-0320;AWS-0342;AWS-0345;AWS-0346,AWS-0089;AWS-0090;AWS-0132,AWS-0019;AWS-0056;AWS-0058;AWS-0059;AWS-0060;AWS-0061;AWS-0062;AWS-0063;AWS-0065;AWS-0086;AWS-0087;AWS-0091;AWS-0092;AWS-0093;AWS-0094;AWS-0123;AWS-0140;AWS-0141;AWS-0143;AWS-0320;AWS-0342;AWS-0345;AWS-0346;AWS-0089;AWS-0090;AWS-0132,
85,20260902_081936_2ca66a30,False,15,11,4,1,1,0,3,3,0,9,5,4,2,2,0,0,0,0,AWS-0019;AWS-0058;AWS-0059;AWS-0060;AWS-0061;AWS-0062;AWS-0140;AWS-0141;AWS-0143;AWS-0345;AWS-0346,AWS-0056;AWS-0063;AWS-0123;AWS-0342,AWS-0019;AWS-0058;AWS-0059;AWS-0060;AWS-0061;AWS-0062;AWS-0140;AWS-0141;AWS-0143;AWS-0345;AWS-0346;AWS-0056;AWS-0063;AWS-0123;AWS-0342,
86,20260902_082110_b417f7e8,False,38,33,5,5,5,0,13,13,0,11,10,1,9,5,4,0,0,0,AWS-0008;AWS-0009;AWS-0019;AWS-0026;AWS-0027;AWS-0028;AWS-0029;AWS-0056;AWS-0058;AWS-0059;AWS-0060;AWS-0061;AWS-0062;AWS-0063;AWS-0099;AWS-0101;AWS-0102;AWS-0104;AWS-0105;AWS-0107;AWS-0122;AWS-0123;AWS-0129;AWS-0130;AWS-0131;AWS-0140;AWS-0141;AWS-0143;AWS-0164;AWS-0342;AWS-0344;AWS-0345;AWS-0346,AWS-0124;AWS-0178,AWS-0008;AWS-0009;AWS-0019;AWS-0026;AWS-0027;AWS-0028;AWS-0029;AWS-0056;AWS-0058;AWS-0059;AWS-0060;AWS-0061;AWS-0062;AWS-0063;AWS-0099;AWS-0101;AWS-0102;AWS-0104;AWS-0105;AWS-0107;AWS-0122;AWS-0123;AWS-0129;AWS-0130;AWS-0131;AWS-0140;AWS-0141;AWS-0143;AWS-0164;AWS-0342;AWS-0344;AWS-0345;AWS-0346;AWS-0124;AWS-0178,
87,20260902_083019_70f460fe,True,15,15,0,1,1,0,3,3,0,9,9,0,2,2,0,0,0,0,AWS-0019;AWS-0056;AWS-0058;AWS-0059;AWS-0060;AWS-0061;AWS-0062;AWS-0063;AWS-0123;AWS-0140;AWS-0141;AWS-0143;AWS-0342;AWS-0345;AWS-0346,,AWS-0019;AWS-0056;AWS-0058;AWS-0059;AWS-0060;AWS-0061;AWS-0062;AWS-0063;AWS-0123;AWS-0140;AWS-0141;AWS-0143;AWS-0342;AWS-0345;AWS-0346,
88,20260902_084812_3e4c4d40,False,35,34,1,5,5,0,13,13,0,11,10,1,6,6,0,0,0,0,AWS-0008;AWS-0009;AWS-0019;AWS-0026;AWS-0027;AWS-0028;AWS-0029;AWS-0056;AWS-0058;AWS-0059;AWS-0060;AWS-0061;AWS-0062;AWS-0063;AWS-0099;AWS-0101;AWS-0102;AWS-0104;AWS-0105;AWS-0107;AWS-0122;AWS-0123;AWS-0124;AWS-0129;AWS-0130;AWS-0131;AWS-0140;AWS-0141;AWS-0143;AWS-0164;AWS-0342;AWS-0344;AWS-0345;AWS-0346,AWS-0178,AWS-0008;AWS-0009;AWS-0019;AWS-0026;AWS-0027;AWS-0028;AWS-0029;AWS-0056;AWS-0058;AWS-0059;AWS-0060;AWS-0061;AWS-0062;AWS-0063;AWS-0099;AWS-0101;AWS-0102;AWS-0104;AWS-0105;AWS-0107;AWS-0122;AWS-0123;AWS-0124;AWS-0129;AWS-0130;AWS-0131;AWS-0140;AWS-0141;AWS-0143;AWS-0164;AWS-0342;AWS-0344;AWS-0345;AWS-0346;AWS-0178,
89,20260902_090440_1de657c4,False,15,13,2,1,1,0,3,3,0,9,7,2,2,2,0,0,0,0,AWS-0019;AWS-0058;AWS-0059;AWS-0061;AWS-0062;AWS-0063;AWS-0123;AWS-0140;AWS-0141;AWS-0143;AWS-0342;AWS-0345;AWS-0346,AWS-0056;AWS-0060,AWS-0019;AWS-0058;AWS-0059;AWS-0061;AWS-0062;AWS-0063;AWS-0123;AWS-0140;AWS-0141;AWS-0143;AWS-0342;AWS-0345;AWS-0346;AWS-0056;AWS-0060,
90,20260902_091543_5ea5b24a,False,30,27,3,2,2,0,10,10,0,12,12,0,6,3,3,0,0,0,AWS-0018;AWS-0019;AWS-0056;AWS-0058;AWS-0059;AWS-0060;AWS-0061;AWS-0062;AWS-0063;AWS-0065;AWS-0067;AWS-0086;AWS-0087;AWS-0090;AWS-0091;AWS-0092;AWS-0093;AWS-0094;AWS-0123;AWS-0132;AWS-0140;AWS-0141;AWS-0143;AWS-0320;AWS-0342;AWS-0345;AWS-0346,AWS-0066;AWS-0089,AWS-0018;AWS-0019;AWS-0056;AWS-0058;AWS-0059;AWS-0060;AWS-0061;AWS-0062;AWS-0063;AWS-0065;AWS-0067;AWS-0086;AWS-0087;AWS-0090;AWS-0091;AWS-0092;AWS-0093;AWS-0094;AWS-0123;AWS-0132;AWS-0140;AWS-0141;AWS-0143;AWS-0320;AWS-0342;AWS-0345;AWS-0346;AWS-0066;AWS-0089,
91,20260902_094653_fef448c7,False,38,36,2,5,5,0,14,14,0,12,11,1,7,6,1,0,0,0,AWS-0008;AWS-0009;AWS-0019;AWS-0026;AWS-0027;AWS-0028;AWS-0029;AWS-0037;AWS-0056;AWS-0058;AWS-0059;AWS-0060;AWS-0061;AWS-0062;AWS-0063;AWS-0065;AWS-0099;AWS-0101;AWS-0102;AWS-0104;AWS-0105;AWS-0107;AWS-0122;AWS-0123;AWS-0124;AWS-0129;AWS-0130;AWS-0131;AWS-0140;AWS-0141;AWS-0143;AWS-0164;AWS-0342;AWS-0344;AWS-0345;AWS-0346,AWS-0017;AWS-0178,AWS-0008;AWS-0009;AWS-0019;AWS-0026;AWS-0027;AWS-0028;AWS-0029;AWS-0037;AWS-0056;AWS-0058;AWS-0059;AWS-0060;AWS-0061;AWS-0062;AWS-0063;AWS-0065;AWS-0099;AWS-0101;AWS-0102;AWS-0104;AWS-0105;AWS-0107;AWS-0122;AWS-0123;AWS-0124;AWS-0129;AWS-0130;AWS-0131;AWS-0140;AWS-0141;AWS-0143;AWS-0164;AWS-0342;AWS-0344;AWS-0345;AWS-0346;AWS-0017;AWS-0178,
92,20260902_100306_b702b3dd,False,35,34,1,5,5,0,13,13,0,11,10,1,6,6,0,0,0,0,AWS-0008;AWS-0009;AWS-0019;AWS-0026;AWS-0027;AWS-0028;AWS-0029;AWS-0056;AWS-0058;AWS-0059;AWS-0060;AWS-0061;AWS-0062;AWS-0063;AWS-0099;AWS-0101;AWS-0102;AWS-0104;AWS-0105;AWS-0107;AWS-0122;AWS-0123;AWS-0124;AWS-0129;AWS-0130;AWS-0131;AWS-0140;AWS-0141;AWS-0143;AWS-0164;AWS-0342;AWS-0344;AWS-0345;AWS-0346,AWS-0178,AWS-0008;AWS-0009;AWS-0019;AWS-0026;AWS-0027;AWS-0028;AWS-0029;AWS-0056;AWS-0058;AWS-0059;AWS-0060;AWS-0061;AWS-0062;AWS-0063;AWS-0099;AWS-0101;AWS-0102;AWS-0104;AWS-0105;AWS-0107;AWS-0122;AWS-0123;AWS-0124;AWS-0129;AWS-0130;AWS-0131;AWS-0140;AWS-0141;AWS-0143;AWS-0164;AWS-0342;AWS-0344;AWS-0345;AWS-0346;AWS-0178,
93,20260902_101512_0dd4b6e0,False,27,25,2,1,1,0,9,9,0,13,11,2,4,4,0,0,0,0,AWS-0019;AWS-0056;AWS-0058;AWS-0059;AWS-0060;AWS-0061;AWS-0062;AWS-0063;AWS-0065;AWS-0086;AWS-0087;AWS-0089;AWS-0091;AWS-0092;AWS-0093;AWS-0094;AWS-0123;AWS-0132;AWS-0140;AWS-0141;AWS-0143;AWS-0320;AWS-0342;AWS-0345;AWS-0346,AWS-0090,AWS-0019;AWS-0056;AWS-0058;AWS-0059;AWS-0060;AWS-0061;AWS-0062;AWS-0063;AWS-0065;AWS-0086;AWS-0087;AWS-0089;AWS-0091;AWS-0092;AWS-0093;AWS-0094;AWS-0123;AWS-0132;AWS-0140;AWS-0141;AWS-0143;AWS-0320;AWS-0342;AWS-0345;AWS-0346;AWS-0090,
94,20260902_103839_51d1de25,False,26,25,1,1,1,0,9,9,0,12,12,0,4,3,1,0,0,0,AWS-0019;AWS-0056;AWS-0058;AWS-0059;AWS-0060;AWS-0061;AWS-0062;AWS-0063;AWS-0065;AWS-0086;AWS-0087;AWS-0090;AWS-0091;AWS-0092;AWS-0093;AWS-0094;AWS-0123;AWS-0132;AWS-0140;AWS-0141;AWS-0143;AWS-0320;AWS-0342;AWS-0345;AWS-0346,AWS-0089,AWS-0019;AWS-0056;AWS-0058;AWS-0059;AWS-0060;AWS-0061;AWS-0062;AWS-0063;AWS-0065;AWS-0086;AWS-0087;AWS-0090;AWS-0091;AWS-0092;AWS-0093;AWS-0094;AWS-0123;AWS-0132;AWS-0140;AWS-0141;AWS-0143;AWS-0320;AWS-0342;AWS-0345;AWS-0346;AWS-0089,
95,20260902_104227_0ea4bd5a,False,35,34,1,5,5,0,13,13,0,11,10,1,6,6,0,0,0,0,AWS-0008;AWS-0009;AWS-0019;AWS-0026;AWS-0027;AWS-0028;AWS-0029;AWS-0056;AWS-0058;AWS-0059;AWS-0060;AWS-0061;AWS-0062;AWS-0063;AWS-0099;AWS-0101;AWS-0102;AWS-0104;AWS-0105;AWS-0107;AWS-0122;AWS-0123;AWS-0124;AWS-0129;AWS-0130;AWS-0131;AWS-0140;AWS-0141;AWS-0143;AWS-0164;AWS-0342;AWS-0344;AWS-0345;AWS-0346,AWS-0178,AWS-0008;AWS-0009;AWS-0019;AWS-0026;AWS-0027;AWS-0028;AWS-0029;AWS-0056;AWS-0058;AWS-0059;AWS-0060;AWS-0061;AWS-0062;AWS-0063;AWS-0099;AWS-0101;AWS-0102;AWS-0104;AWS-0105;AWS-0107;AWS-0122;AWS-0123;AWS-0124;AWS-0129;AWS-0130;AWS-0131;AWS-0140;AWS-0141;AWS-0143;AWS-0164;AWS-0342;AWS-0344;AWS-0345;AWS-0346;AWS-0178,
96,20260902_111003_a9f3a3c2,True,15,15,0,1,1,0,3,3,0,9,9,0,2,2,0,0,0,0,AWS-0019;AWS-0056;AWS-0058;AWS-0059;AWS-0060;AWS-0061;AWS-0062;AWS-0063;AWS-0123;AWS-0140;AWS-0141;AWS-0143;AWS-0342;AWS-0345;AWS-0346,,AWS-0019;AWS-0056;AWS-0058;AWS-0059;AWS-0060;AWS-0061;AWS-0062;AWS-0063;AWS-0123;AWS-0140;AWS-0141;AWS-0143;AWS-0342;AWS-0345;AWS-0346,
97,20260902_113302_40eeb2b0,False,48,41,7,8,8,0,16,16,0,12,11,1,12,6,6,0,0,0,AWS-0008;AWS-0009;AWS-0019;AWS-0026;AWS-0027;AWS-0028;AWS-0029;AWS-0034;AWS-0035;AWS-0036;AWS-0047;AWS-0052;AWS-0053;AWS-0054;AWS-0056;AWS-0058;AWS-0059;AWS-0060;AWS-0061;AWS-0062;AWS-0063;AWS-0065;AWS-0099;AWS-0101;AWS-0102;AWS-0104;AWS-0105;AWS-0107;AWS-0122;AWS-0123;AWS-0129;AWS-0130;AWS-0131;AWS-0140;AWS-0141;AWS-0143;AWS-0164;AWS-0342;AWS-0344;AWS-0345;AWS-0346,AWS-0017;AWS-0124;AWS-0178,AWS-0008;AWS-0009;AWS-0019;AWS-0026;AWS-0027;AWS-0028;AWS-0029;AWS-0034;AWS-0035;AWS-0036;AWS-0047;AWS-0052;AWS-0053;AWS-0054;AWS-0056;AWS-0058;AWS-0059;AWS-0060;AWS-0061;AWS-0062;AWS-0063;AWS-0065;AWS-0099;AWS-0101;AWS-0102;AWS-0104;AWS-0105;AWS-0107;AWS-0122;AWS-0123;AWS-0129;AWS-0130;AWS-0131;AWS-0140;AWS-0141;AWS-0143;AWS-0164;AWS-0342;AWS-0344;AWS-0345;AWS-0346;AWS-0017;AWS-0124;AWS-0178,
98,20260902_122418_e8b3f97d,False,26,25,1,1,1,0,9,9,0,12,12,0,4,3,1,0,0,0,AWS-0019;AWS-0056;AWS-0058;AWS-0059;AWS-0060;AWS-0061;AWS-0062;AWS-0063;AWS-0065;AWS-0086;AWS-0087;AWS-0090;AWS-0091;AWS-0092;AWS-0093;AWS-0094;AWS-0123;AWS-0132;AWS-0140;AWS-0141;AWS-0143;AWS-0320;AWS-0342;AWS-0345;AWS-0346,AWS-0089,AWS-0019;AWS-0056;AWS-0058;AWS-0059;AWS-0060;AWS-0061;AWS-0062;AWS-0063;AWS-0065;AWS-0086;AWS-0087;AWS-0090;AWS-0091;AWS-0092;AWS-0093;AWS-0094;AWS-0123;AWS-0132;AWS-0140;AWS-0141;AWS-0143;AWS-0320;AWS-0342;AWS-0345;AWS-0346;AWS-0089,
99,20260902_125122_04e0e133,False,70,16,54,1,1,0,4,4,0,36,9,27,29,2,27,0,0,0,AWS-0019;AWS-0023;AWS-0056;AWS-0058;AWS-0059;AWS-0060;AWS-0061;AWS-0062;AWS-0063;AWS-0123;AWS-0140;AWS-0141;AWS-0143;AWS-0342;AWS-0345;AWS-0346,AWS-0024;AWS-0025,AWS-0019;AWS-0023;AWS-0056;AWS-0058;AWS-0059;AWS-0060;AWS-0061;AWS-0062;AWS-0063;AWS-0123;AWS-0140;AWS-0141;AWS-0143;AWS-0342;AWS-0345;AWS-0346;AWS-0024;AWS-0025,
100,20260902_130533_750c008f,False,47,43,4,5,5,0,19,19,0,14,13,1,9,6,3,0,0,0,AWS-0008;AWS-0009;AWS-0019;AWS-0026;AWS-0027;AWS-0028;AWS-0029;AWS-0056;AWS-0058;AWS-0059;AWS-0060;AWS-0061;AWS-0062;AWS-0063;AWS-0065;AWS-0086;AWS-0087;AWS-0090;AWS-0091;AWS-0092;AWS-0093;AWS-0094;AWS-0099;AWS-0101;AWS-0102;AWS-0104;AWS-0105;AWS-0107;AWS-0122;AWS-0123;AWS-0129;AWS-0130;AWS-0131;AWS-0132;AWS-0140;AWS-0141;AWS-0143;AWS-0164;AWS-0320;AWS-0342;AWS-0344;AWS-0345;AWS-0346,AWS-0089;AWS-0124;AWS-0178,AWS-0008;AWS-0009;AWS-0019;AWS-0026;AWS-0027;AWS-0028;AWS-0029;AWS-0056;AWS-0058;AWS-0059;AWS-0060;AWS-0061;AWS-0062;AWS-0063;AWS-0065;AWS-0086;AWS-0087;AWS-0090;AWS-0091;AWS-0092;AWS-0093;AWS-0094;AWS-0099;AWS-0101;AWS-0102;AWS-0104;AWS-0105;AWS-0107;AWS-0122;AWS-0123;AWS-0129;AWS-0130;AWS-0131;AWS-0132;AWS-0140;AWS-0141;AWS-0143;AWS-0164;AWS-0320;AWS-0342;AWS-0344;AWS-0345;AWS-0346;AWS-0089;AWS-0124;AWS-0178,
101,20260902_230906_cd03828f,False,16,15,1,1,1,0,3,3,0,9,9,0,3,2,1,0,0,0,AWS-0019;AWS-0056;AWS-0058;AWS-0059;AWS-0060;AWS-0061;AWS-0062;AWS-0063;AWS-0123;AWS-0140;AWS-0141;AWS-0143;AWS-0342;AWS-0345;AWS-0346,AWS-0017,AWS-0019;AWS-0056;AWS-0058;AWS-0059;AWS-0060;AWS-0061;AWS-0062;AWS-0063;AWS-0123;AWS-0140;AWS-0141;AWS-0143;AWS-0342;AWS-0345;AWS-0346;AWS-0017,
102,20260903_000729_41db3b78,False,27,25,2,1,1,0,9,9,0,12,12,0,5,3,2,0,0,0,AWS-0019;AWS-0056;AWS-0058;AWS-0059;AWS-0060;AWS-0061;AWS-0062;AWS-0063;AWS-0065;AWS-0086;AWS-0087;AWS-0090;AWS-0091;AWS-0092;AWS-0093;AWS-0094;AWS-0123;AWS-0132;AWS-0140;AWS-0141;AWS-0143;AWS-0320;AWS-0342;AWS-0345;AWS-0346,AWS-0017;AWS-0089,AWS-0019;AWS-0056;AWS-0058;AWS-0059;AWS-0060;AWS-0061;AWS-0062;AWS-0063;AWS-0065;AWS-0086;AWS-0087;AWS-0090;AWS-0091;AWS-0092;AWS-0093;AWS-0094;AWS-0123;AWS-0132;AWS-0140;AWS-0141;AWS-0143;AWS-0320;AWS-0342;AWS-0345;AWS-0346;AWS-0017;AWS-0089,
103,20260903_001952_4e996c10,False,44,38,6,7,7,0,14,14,0,17,11,6,6,6,0,0,0,0,AWS-0008;AWS-0009;AWS-0019;AWS-0026;AWS-0027;AWS-0028;AWS-0029;AWS-0039;AWS-0040;AWS-0041;AWS-0056;AWS-0058;AWS-0059;AWS-0060;AWS-0061;AWS-0062;AWS-0063;AWS-0065;AWS-0099;AWS-0101;AWS-0102;AWS-0104;AWS-0105;AWS-0107;AWS-0122;AWS-0123;AWS-0124;AWS-0129;AWS-0130;AWS-0131;AWS-0140;AWS-0141;AWS-0143;AWS-0164;AWS-0342;AWS-0344;AWS-0345;AWS-0346,AWS-0038;AWS-0178,AWS-0008;AWS-0009;AWS-0019;AWS-0026;AWS-0027;AWS-0028;AWS-0029;AWS-0039;AWS-0040;AWS-0041;AWS-0056;AWS-0058;AWS-0059;AWS-0060;AWS-0061;AWS-0062;AWS-0063;AWS-0065;AWS-0099;AWS-0101;AWS-0102;AWS-0104;AWS-0105;AWS-0107;AWS-0122;AWS-0123;AWS-0124;AWS-0129;AWS-0130;AWS-0131;AWS-0140;AWS-0141;AWS-0143;AWS-0164;AWS-0342;AWS-0344;AWS-0345;AWS-0346;AWS-0038;AWS-0178,
104,20260903_004935_26d2c1a9,False,26,25,1,1,1,0,9,9,0,12,12,0,4,3,1,0,0,0,AWS-0019;AWS-0056;AWS-0058;AWS-0059;AWS-0060;AWS-0061;AWS-0062;AWS-0063;AWS-0065;AWS-0086;AWS-0087;AWS-0090;AWS-0091;AWS-0092;AWS-0093;AWS-0094;AWS-0123;AWS-0132;AWS-0140;AWS-0141;AWS-0143;AWS-0320;AWS-0342;AWS-0345;AWS-0346,AWS-0089,AWS-0019;AWS-0056;AWS-0058;AWS-0059;AWS-0060;AWS-0061;AWS-0062;AWS-0063;AWS-0065;AWS-0086;AWS-0087;AWS-0090;AWS-0091;AWS-0092;AWS-0093;AWS-0094;AWS-0123;AWS-0132;AWS-0140;AWS-0141;AWS-0143;AWS-0320;AWS-0342;AWS-0345;AWS-0346;AWS-0089,
105,20260903_005942_cd4036dc,False,26,24,2,1,1,0,9,9,0,12,11,1,4,3,1,0,0,0,AWS-0019;AWS-0056;AWS-0058;AWS-0059;AWS-0060;AWS-0061;AWS-0062;AWS-0063;AWS-0065;AWS-0086;AWS-0087;AWS-0091;AWS-0092;AWS-0093;AWS-0094;AWS-0123;AWS-0132;AWS-0140;AWS-0141;AWS-0143;AWS-0320;AWS-0342;AWS-0345;AWS-0346,AWS-0089;AWS-0090,AWS-0019;AWS-0056;AWS-0058;AWS-0059;AWS-0060;AWS-0061;AWS-0062;AWS-0063;AWS-0065;AWS-0086;AWS-0087;AWS-0091;AWS-0092;AWS-0093;AWS-0094;AWS-0123;AWS-0132;AWS-0140;AWS-0141;AWS-0143;AWS-0320;AWS-0342;AWS-0345;AWS-0346;AWS-0089;AWS-0090,
106,20260903_011725_6a699cd0,False,42,32,10,5,5,0,13,13,0,11,10,1,13,4,9,0,0,0,AWS-0008;AWS-0009;AWS-0019;AWS-0026;AWS-0027;AWS-0028;AWS-0029;AWS-0056;AWS-0058;AWS-0059;AWS-0060;AWS-0061;AWS-0062;AWS-0063;AWS-0101;AWS-0102;AWS-0104;AWS-0105;AWS-0107;AWS-0122;AWS-0123;AWS-0129;AWS-0130;AWS-0131;AWS-0140;AWS-0141;AWS-0143;AWS-0164;AWS-0342;AWS-0344;AWS-0345;AWS-0346,AWS-0099;AWS-0124;AWS-0178,AWS-0008;AWS-0009;AWS-0019;AWS-0026;AWS-0027;AWS-0028;AWS-0029;AWS-0056;AWS-0058;AWS-0059;AWS-0060;AWS-0061;AWS-0062;AWS-0063;AWS-0101;AWS-0102;AWS-0104;AWS-0105;AWS-0107;AWS-0122;AWS-0123;AWS-0129;AWS-0130;AWS-0131;AWS-0140;AWS-0141;AWS-0143;AWS-0164;AWS-0342;AWS-0344;AWS-0345;AWS-0346;AWS-0099;AWS-0124;AWS-0178,
107,20260903_012938_a26ecc6a,False,26,25,1,1,1,0,9,9,0,12,12,0,4,3,1,0,0,0,AWS-0019;AWS-0056;AWS-0058;AWS-0059;AWS-0060;AWS-0061;AWS-0062;AWS-0063;AWS-0065;AWS-0086;AWS-0087;AWS-0090;AWS-0091;AWS-0092;AWS-0093;AWS-0094;AWS-0123;AWS-0132;AWS-0140;AWS-0141;AWS-0143;AWS-0320;AWS-0342;AWS-0345;AWS-0346,AWS-0089,AWS-0019;AWS-0056;AWS-0058;AWS-0059;AWS-0060;AWS-0061;AWS-0062;AWS-0063;AWS-0065;AWS-0086;AWS-0087;AWS-0090;AWS-0091;AWS-0092;AWS-0093;AWS-0094;AWS-0123;AWS-0132;AWS-0140;AWS-0141;AWS-0143;AWS-0320;AWS-0342;AWS-0345;AWS-0346;AWS-0089,
108,20260903_024044_b6ac39fd,False,28,26,2,1,1,0,11,11,0,12,11,1,4,3,1,0,0,0,AWS-0019;AWS-0056;AWS-0058;AWS-0059;AWS-0060;AWS-0061;AWS-0062;AWS-0063;AWS-0065;AWS-0086;AWS-0087;AWS-0091;AWS-0092;AWS-0093;AWS-0094;AWS-0095;AWS-0123;AWS-0132;AWS-0136;AWS-0140;AWS-0141;AWS-0143;AWS-0320;AWS-0342;AWS-0345;AWS-0346,AWS-0089;AWS-0090,AWS-0019;AWS-0056;AWS-0058;AWS-0059;AWS-0060;AWS-0061;AWS-0062;AWS-0063;AWS-0065;AWS-0086;AWS-0087;AWS-0091;AWS-0092;AWS-0093;AWS-0094;AWS-0095;AWS-0123;AWS-0132;AWS-0136;AWS-0140;AWS-0141;AWS-0143;AWS-0320;AWS-0342;AWS-0345;AWS-0346;AWS-0089;AWS-0090,
109,20260903_030830_30fdfa8c,True,15,15,0,1,1,0,3,3,0,9,9,0,2,2,0,0,0,0,AWS-0019;AWS-0056;AWS-0058;AWS-0059;AWS-0060;AWS-0061;AWS-0062;AWS-0063;AWS-0123;AWS-0140;AWS-0141;AWS-0143;AWS-0342;AWS-0345;AWS-0346,,AWS-0019;AWS-0056;AWS-0058;AWS-0059;AWS-0060;AWS-0061;AWS-0062;AWS-0063;AWS-0123;AWS-0140;AWS-0141;AWS-0143;AWS-0342;AWS-0345;AWS-0346,
110,20260903_033950_7a653329,False,43,38,5,5,5,0,14,14,0,13,11,2,11,8,3,0,0,0,AWS-0002;AWS-0003;AWS-0004;AWS-0005;AWS-0008;AWS-0009;AWS-0019;AWS-0026;AWS-0027;AWS-0028;AWS-0029;AWS-0056;AWS-0058;AWS-0059;AWS-0060;AWS-0061;AWS-0062;AWS-0063;AWS-0099;AWS-0101;AWS-0102;AWS-0104;AWS-0105;AWS-0107;AWS-0122;AWS-0123;AWS-0129;AWS-0130;AWS-0131;AWS-0140;AWS-0141;AWS-0143;AWS-0164;AWS-0190;AWS-0342;AWS-0344;AWS-0345;AWS-0346,AWS-0001;AWS-0124;AWS-0178,AWS-0002;AWS-0003;AWS-0004;AWS-0005;AWS-0008;AWS-0009;AWS-0019;AWS-0026;AWS-0027;AWS-0028;AWS-0029;AWS-0056;AWS-0058;AWS-0059;AWS-0060;AWS-0061;AWS-0062;AWS-0063;AWS-0099;AWS-0101;AWS-0102;AWS-0104;AWS-0105;AWS-0107;AWS-0122;AWS-0123;AWS-0129;AWS-0130;AWS-0131;AWS-0140;AWS-0141;AWS-0143;AWS-0164;AWS-0190;AWS-0342;AWS-0344;AWS-0345;AWS-0346;AWS-0001;AWS-0124;AWS-0178,
111,20260903_044633_ae7ae3c7,False,35,33,2,2,2,0,13,13,0,13,12,1,7,6,1,0,0,0,AWS-0014;AWS-0015;AWS-0016;AWS-0017;AWS-0019;AWS-0056;AWS-0058;AWS-0059;AWS-0060;AWS-0061;AWS-0062;AWS-0063;AWS-0065;AWS-0086;AWS-0087;AWS-0091;AWS-0092;AWS-0093;AWS-0094;AWS-0095;AWS-0123;AWS-0132;AWS-0136;AWS-0140;AWS-0141;AWS-0143;AWS-0161;AWS-0162;AWS-0163;AWS-0320;AWS-0342;AWS-0345;AWS-0346,AWS-0089;AWS-0090,AWS-0014;AWS-0015;AWS-0016;AWS-0017;AWS-0019;AWS-0056;AWS-0058;AWS-0059;AWS-0060;AWS-0061;AWS-0062;AWS-0063;AWS-0065;AWS-0086;AWS-0087;AWS-0091;AWS-0092;AWS-0093;AWS-0094;AWS-0095;AWS-0123;AWS-0132;AWS-0136;AWS-0140;AWS-0141;AWS-0143;AWS-0161;AWS-0162;AWS-0163;AWS-0320;AWS-0342;AWS-0345;AWS-0346;AWS-0089;AWS-0090,
112,20260903_051545_a4aaf8de,False,30,27,3,2,2,0,11,11,0,13,11,2,4,3,1,0,0,0,AWS-0011;AWS-0012;AWS-0013;AWS-0019;AWS-0056;AWS-0058;AWS-0059;AWS-0060;AWS-0061;AWS-0062;AWS-0063;AWS-0065;AWS-0086;AWS-0087;AWS-0091;AWS-0092;AWS-0093;AWS-0094;AWS-0123;AWS-0132;AWS-0140;AWS-0141;AWS-0143;AWS-0320;AWS-0342;AWS-0345;AWS-0346,AWS-0010;AWS-0089;AWS-0090,AWS-0011;AWS-0012;AWS-0013;AWS-0019;AWS-0056;AWS-0058;AWS-0059;AWS-0060;AWS-0061;AWS-0062;AWS-0063;AWS-0065;AWS-0086;AWS-0087;AWS-0091;AWS-0092;AWS-0093;AWS-0094;AWS-0123;AWS-0132;AWS-0140;AWS-0141;AWS-0143;AWS-0320;AWS-0342;AWS-0345;AWS-0346;AWS-0010;AWS-0089;AWS-0090,
113,20260903_052137_594966bb,False,35,34,1,5,5,0,13,13,0,11,10,1,6,6,0,0,0,0,AWS-0008;AWS-0009;AWS-0019;AWS-0026;AWS-0027;AWS-0028;AWS-0029;AWS-0056;AWS-0058;AWS-0059;AWS-0060;AWS-0061;AWS-0062;AWS-0063;AWS-0099;AWS-0101;AWS-0102;AWS-0104;AWS-0105;AWS-0107;AWS-0122;AWS-0123;AWS-0124;AWS-0129;AWS-0130;AWS-0131;AWS-0140;AWS-0141;AWS-0143;AWS-0164;AWS-0342;AWS-0344;AWS-0345;AWS-0346,AWS-0178,AWS-0008;AWS-0009;AWS-0019;AWS-0026;AWS-0027;AWS-0028;AWS-0029;AWS-0056;AWS-0058;AWS-0059;AWS-0060;AWS-0061;AWS-0062;AWS-0063;AWS-0099;AWS-0101;AWS-0102;AWS-0104;AWS-0105;AWS-0107;AWS-0122;AWS-0123;AWS-0124;AWS-0129;AWS-0130;AWS-0131;AWS-0140;AWS-0141;AWS-0143;AWS-0164;AWS-0342;AWS-0344;AWS-0345;AWS-0346;AWS-0178,
114,20260903_054515_9699ee77,False,64,44,20,10,6,4,22,21,1,15,11,4,17,6,11,0,0,0,AWS-0008;AWS-0009;AWS-0019;AWS-0026;AWS-0027;AWS-0028;AWS-0029;AWS-0030;AWS-0031;AWS-0032;AWS-0035;AWS-0036;AWS-0047;AWS-0052;AWS-0056;AWS-0058;AWS-0059;AWS-0060;AWS-0061;AWS-0062;AWS-0063;AWS-0078;AWS-0079;AWS-0080;AWS-0099;AWS-0101;AWS-0102;AWS-0105;AWS-0107;AWS-0122;AWS-0123;AWS-0129;AWS-0130;AWS-0131;AWS-0140;AWS-0141;AWS-0143;AWS-0164;AWS-0180;AWS-0342;AWS-0343;AWS-0344;AWS-0345;AWS-0346,AWS-0017;AWS-0033;AWS-0034;AWS-0053;AWS-0054;AWS-0077;AWS-0098;AWS-0104;AWS-0124;AWS-0133;AWS-0176;AWS-0177;AWS-0178,AWS-0008;AWS-0009;AWS-0019;AWS-0026;AWS-0027;AWS-0028;AWS-0029;AWS-0030;AWS-0031;AWS-0032;AWS-0035;AWS-0036;AWS-0047;AWS-0052;AWS-0056;AWS-0058;AWS-0059;AWS-0060;AWS-0061;AWS-0062;AWS-0063;AWS-0078;AWS-0079;AWS-0080;AWS-0099;AWS-0101;AWS-0102;AWS-0105;AWS-0107;AWS-0122;AWS-0123;AWS-0129;AWS-0130;AWS-0131;AWS-0140;AWS-0141;AWS-0143;AWS-0164;AWS-0180;AWS-0342;AWS-0343;AWS-0344;AWS-0345;AWS-0346;AWS-0017;AWS-0033;AWS-0034;AWS-0053;AWS-0054;AWS-0077;AWS-0098;AWS-0104;AWS-0124;AWS-0133;AWS-0176;AWS-0177;AWS-0178,
115,20260903_055935_1a8c580f,False,23,15,8,1,1,0,3,3,0,10,9,1,9,2,7,0,0,0,AWS-0019;AWS-0056;AWS-0058;AWS-0059;AWS-0060;AWS-0061;AWS-0062;AWS-0063;AWS-0123;AWS-0140;AWS-0141;AWS-0143;AWS-0342;AWS-0345;AWS-0346,AWS-0065;AWS-0098,AWS-0019;AWS-0056;AWS-0058;AWS-0059;AWS-0060;AWS-0061;AWS-0062;AWS-0063;AWS-0123;AWS-0140;AWS-0141;AWS-0143;AWS-0342;AWS-0345;AWS-0346;AWS-0065;AWS-0098,
116,20260902_153721_d6bfe577,False,35,34,1,5,5,0,13,13,0,11,10,1,6,6,0,0,0,0,AWS-0008;AWS-0009;AWS-0019;AWS-0026;AWS-0027;AWS-0028;AWS-0029;AWS-0056;AWS-0058;AWS-0059;AWS-0060;AWS-0061;AWS-0062;AWS-0063;AWS-0099;AWS-0101;AWS-0102;AWS-0104;AWS-0105;AWS-0107;AWS-0122;AWS-0123;AWS-0124;AWS-0129;AWS-0130;AWS-0131;AWS-0140;AWS-0141;AWS-0143;AWS-0164;AWS-0342;AWS-0344;AWS-0345;AWS-0346,AWS-0178,AWS-0008;AWS-0009;AWS-0019;AWS-0026;AWS-0027;AWS-0028;AWS-0029;AWS-0056;AWS-0058;AWS-0059;AWS-0060;AWS-0061;AWS-0062;AWS-0063;AWS-0099;AWS-0101;AWS-0102;AWS-0104;AWS-0105;AWS-0107;AWS-0122;AWS-0123;AWS-0124;AWS-0129;AWS-0130;AWS-0131;AWS-0140;AWS-0141;AWS-0143;AWS-0164;AWS-0342;AWS-0344;AWS-0345;AWS-0346;AWS-0178,
117,20260903_060302_941567fb,True,15,15,0,1,1,0,3,3,0,9,9,0,2,2,0,0,0,0,AWS-0019;AWS-0056;AWS-0058;AWS-0059;AWS-0060;AWS-0061;AWS-0062;AWS-0063;AWS-0123;AWS-0140;AWS-0141;AWS-0143;AWS-0342;AWS-0345;AWS-0346,,AWS-0019;AWS-0056;AWS-0058;AWS-0059;AWS-0060;AWS-0061;AWS-0062;AWS-0063;AWS-0123;AWS-0140;AWS-0141;AWS-0143;AWS-0342;AWS-0345;AWS-0346,
118,20260903_063537_8cbbcb5c,True,15,15,0,1,1,0,3,3,0,9,9,0,2,2,0,0,0,0,AWS-0019;AWS-0056;AWS-0058;AWS-0059;AWS-0060;AWS-0061;AWS-0062;AWS-0063;AWS-0123;AWS-0140;AWS-0141;AWS-0143;AWS-0342;AWS-0345;AWS-0346,,AWS-0019;AWS-0056;AWS-0058;AWS-0059;AWS-0060;AWS-0061;AWS-0062;AWS-0063;AWS-0123;AWS-0140;AWS-0141;AWS-0143;AWS-0342;AWS-0345;AWS-0346,
119,20260902_161759_376cce7d,False,15,14,1,1,1,0,3,3,0,9,9,0,2,1,1,0,0,0,AWS-0019;AWS-0056;AWS-0058;AWS-0059;AWS-0060;AWS-0061;AWS-0062;AWS-0063;AWS-0123;AWS-0140;AWS-0141;AWS-0342;AWS-0345;AWS-0346,AWS-0143,AWS-0019;AWS-0056;AWS-0058;AWS-0059;AWS-0060;AWS-0061;AWS-0062;AWS-0063;AWS-0123;AWS-0140;AWS-0141;AWS-0342;AWS-0345;AWS-0346;AWS-0143,
120,20260902_161856_5c301336,True,15,15,0,1,1,0,3,3,0,9,9,0,2,2,0,0,0,0,AWS-0019;AWS-0056;AWS-0058;AWS-0059;AWS-0060;AWS-0061;AWS-0062;AWS-0063;AWS-0123;AWS-0140;AWS-0141;AWS-0143;AWS-0342;AWS-0345;AWS-0346,,AWS-0019;AWS-0056;AWS-0058;AWS-0059;AWS-0060;AWS-0061;AWS-0062;AWS-0063;AWS-0123;AWS-0140;AWS-0141;AWS-0143;AWS-0342;AWS-0345;AWS-0346,
121,20260902_162137_2c8825ab,False,36,34,2,5,5,0,13,13,0,11,11,0,7,5,2,0,0,0,AWS-0008;AWS-0009;AWS-0019;AWS-0026;AWS-0027;AWS-0028;AWS-0029;AWS-0056;AWS-0058;AWS-0059;AWS-0060;AWS-0061;AWS-0062;AWS-0063;AWS-0099;AWS-0101;AWS-0102;AWS-0104;AWS-0105;AWS-0107;AWS-0122;AWS-0123;AWS-0129;AWS-0130;AWS-0131;AWS-0140;AWS-0141;AWS-0143;AWS-0164;AWS-0178;AWS-0342;AWS-0344;AWS-0345;AWS-0346,AWS-0124,AWS-0008;AWS-0009;AWS-0019;AWS-0026;AWS-0027;AWS-0028;AWS-0029;AWS-0056;AWS-0058;AWS-0059;AWS-0060;AWS-0061;AWS-0062;AWS-0063;AWS-0099;AWS-0101;AWS-0102;AWS-0104;AWS-0105;AWS-0107;AWS-0122;AWS-0123;AWS-0129;AWS-0130;AWS-0131;AWS-0140;AWS-0141;AWS-0143;AWS-0164;AWS-0178;AWS-0342;AWS-0344;AWS-0345;AWS-0346;AWS-0124,
122,20260902_170400_25d779c8,True,15,15,0,1,1,0,3,3,0,9,9,0,2,2,0,0,0,0,AWS-0019;AWS-0056;AWS-0058;AWS-0059;AWS-0060;AWS-0061;AWS-0062;AWS-0063;AWS-0123;AWS-0140;AWS-0141;AWS-0143;AWS-0342;AWS-0345;AWS-0346,,AWS-0019;AWS-0056;AWS-0058;AWS-0059;AWS-0060;AWS-0061;AWS-0062;AWS-0063;AWS-0123;AWS-0140;AWS-0141;AWS-0143;AWS-0342;AWS-0345;AWS-0346,
123,20260902_170645_d60f9ace,False,15,14,1,1,1,0,3,3,0,9,8,1,2,2,0,0,0,0,AWS-0019;AWS-0056;AWS-0058;AWS-0059;AWS-0060;AWS-0061;AWS-0062;AWS-0063;AWS-0140;AWS-0141;AWS-0143;AWS-0342;AWS-0345;AWS-0346,AWS-0123,AWS-0019;AWS-0056;AWS-0058;AWS-0059;AWS-0060;AWS-0061;AWS-0062;AWS-0063;AWS-0140;AWS-0141;AWS-0143;AWS-0342;AWS-0345;AWS-0346;AWS-0123,
124,20260903_064643_49830004,True,15,15,0,1,1,0,3,3,0,9,9,0,2,2,0,0,0,0,AWS-0019;AWS-0056;AWS-0058;AWS-0059;AWS-0060;AWS-0061;AWS-0062;AWS-0063;AWS-0123;AWS-0140;AWS-0141;AWS-0143;AWS-0342;AWS-0345;AWS-0346,,AWS-0019;AWS-0056;AWS-0058;AWS-0059;AWS-0060;AWS-0061;AWS-0062;AWS-0063;AWS-0123;AWS-0140;AWS-0141;AWS-0143;AWS-0342;AWS-0345;AWS-0346,
125,20260903_065601_b66b9b47,False,20,13,7,1,1,0,3,3,0,12,7,5,4,2,2,0,0,0,AWS-0019;AWS-0056;AWS-0058;AWS-0059;AWS-0060;AWS-0061;AWS-0062;AWS-0063;AWS-0140;AWS-0141;AWS-0143;AWS-0345;AWS-0346,AWS-0098;AWS-0123;AWS-0342,AWS-0019;AWS-0056;AWS-0058;AWS-0059;AWS-0060;AWS-0061;AWS-0062;AWS-0063;AWS-0140;AWS-0141;AWS-0143;AWS-0345;AWS-0346;AWS-0098;AWS-0123;AWS-0342,
126,20260903_065801_856aa7ca,True,15,15,0,1,1,0,3,3,0,9,9,0,2,2,0,0,0,0,AWS-0019;AWS-0056;AWS-0058;AWS-0059;AWS-0060;AWS-0061;AWS-0062;AWS-0063;AWS-0123;AWS-0140;AWS-0141;AWS-0143;AWS-0342;AWS-0345;AWS-0346,,AWS-0019;AWS-0056;AWS-0058;AWS-0059;AWS-0060;AWS-0061;AWS-0062;AWS-0063;AWS-0123;AWS-0140;AWS-0141;AWS-0143;AWS-0342;AWS-0345;AWS-0346,
127,20260903_065958_2cc736a1,False,16,14,2,1,1,0,3,3,0,10,8,2,2,2,0,0,0,0,AWS-0019;AWS-0056;AWS-0058;AWS-0059;AWS-0060;AWS-0061;AWS-0062;AWS-0063;AWS-0140;AWS-0141;AWS-0143;AWS-0342;AWS-0345;AWS-0346,AWS-0123,AWS-0019;AWS-0056;AWS-0058;AWS-0059;AWS-0060;AWS-0061;AWS-0062;AWS-0063;AWS-0140;AWS-0141;AWS-0143;AWS-0342;AWS-0345;AWS-0346;AWS-0123,
128,20260903_070242_30dbd238,True,15,15,0,1,1,0,3,3,0,9,9,0,2,2,0,0,0,0,AWS-0019;AWS-0056;AWS-0058;AWS-0059;AWS-0060;AWS-0061;AWS-0062;AWS-0063;AWS-0123;AWS-0140;AWS-0141;AWS-0143;AWS-0342;AWS-0345;AWS-0346,,AWS-0019;AWS-0056;AWS-0058;AWS-0059;AWS-0060;AWS-0061;AWS-0062;AWS-0063;AWS-0123;AWS-0140;AWS-0141;AWS-0143;AWS-0342;AWS-0345;AWS-0346,
129,20260903_072656_e8935b75,False,43,32,11,5,5,0,13,13,0,12,9,3,13,5,8,0,0,0,AWS-0008;AWS-0009;AWS-0019;AWS-0026;AWS-0027;AWS-0028;AWS-0029;AWS-0056;AWS-0058;AWS-0059;AWS-0060;AWS-0061;AWS-0062;AWS-0063;AWS-0099;AWS-0101;AWS-0102;AWS-0104;AWS-0107;AWS-0122;AWS-0123;AWS-0129;AWS-0130;AWS-0131;AWS-0140;AWS-0141;AWS-0143;AWS-0164;AWS-0342;AWS-0344;AWS-0345;AWS-0346,AWS-0105;AWS-0124;AWS-0178,AWS-0008;AWS-0009;AWS-0019;AWS-0026;AWS-0027;AWS-0028;AWS-0029;AWS-0056;AWS-0058;AWS-0059;AWS-0060;AWS-0061;AWS-0062;AWS-0063;AWS-0099;AWS-0101;AWS-0102;AWS-0104;AWS-0107;AWS-0122;AWS-0123;AWS-0129;AWS-0130;AWS-0131;AWS-0140;AWS-0141;AWS-0143;AWS-0164;AWS-0342;AWS-0344;AWS-0345;AWS-0346;AWS-0105;AWS-0124;AWS-0178,
130,20260902_174752_f239e9b6,False,35,33,2,5,5,0,13,12,1,11,10,1,6,6,0,0,0,0,AWS-0008;AWS-0009;AWS-0019;AWS-0026;AWS-0027;AWS-0028;AWS-0029;AWS-0056;AWS-0058;AWS-0059;AWS-0060;AWS-0061;AWS-0062;AWS-0063;AWS-0099;AWS-0102;AWS-0104;AWS-0105;AWS-0107;AWS-0122;AWS-0123;AWS-0124;AWS-0129;AWS-0130;AWS-0131;AWS-0140;AWS-0141;AWS-0143;AWS-0164;AWS-0342;AWS-0344;AWS-0345;AWS-0346,AWS-0101;AWS-0178,AWS-0008;AWS-0009;AWS-0019;AWS-0026;AWS-0027;AWS-0028;AWS-0029;AWS-0056;AWS-0058;AWS-0059;AWS-0060;AWS-0061;AWS-0062;AWS-0063;AWS-0099;AWS-0102;AWS-0104;AWS-0105;AWS-0107;AWS-0122;AWS-0123;AWS-0124;AWS-0129;AWS-0130;AWS-0131;AWS-0140;AWS-0141;AWS-0143;AWS-0164;AWS-0342;AWS-0344;AWS-0345;AWS-0346;AWS-0101;AWS-0178,
131,20260903_080016_bb46743c,True,35,35,0,5,5,0,13,13,0,11,11,0,6,6,0,0,0,0,AWS-0008;AWS-0009;AWS-0019;AWS-0026;AWS-0027;AWS-0028;AWS-0029;AWS-0056;AWS-0058;AWS-0059;AWS-0060;AWS-0061;AWS-0062;AWS-0063;AWS-0099;AWS-0101;AWS-0102;AWS-0104;AWS-0105;AWS-0107;AWS-0122;AWS-0123;AWS-0124;AWS-0129;AWS-0130;AWS-0131;AWS-0140;AWS-0141;AWS-0143;AWS-0164;AWS-0178;AWS-0342;AWS-0344;AWS-0345;AWS-0346,,AWS-0008;AWS-0009;AWS-0019;AWS-0026;AWS-0027;AWS-0028;AWS-0029;AWS-0056;AWS-0058;AWS-0059;AWS-0060;AWS-0061;AWS-0062;AWS-0063;AWS-0099;AWS-0101;AWS-0102;AWS-0104;AWS-0105;AWS-0107;AWS-0122;AWS-0123;AWS-0124;AWS-0129;AWS-0130;AWS-0131;AWS-0140;AWS-0141;AWS-0143;AWS-0164;AWS-0178;AWS-0342;AWS-0344;AWS-0345;AWS-0346,
132,20260902_182331_89ed64c9,True,15,15,0,1,1,0,3,3,0,9,9,0,2,2,0,0,0,0,AWS-0019;AWS-0056;AWS-0058;AWS-0059;AWS-0060;AWS-0061;AWS-0062;AWS-0063;AWS-0123;AWS-0140;AWS-0141;AWS-0143;AWS-0342;AWS-0345;AWS-0346,,AWS-0019;AWS-0056;AWS-0058;AWS-0059;AWS-0060;AWS-0061;AWS-0062;AWS-0063;AWS-0123;AWS-0140;AWS-0141;AWS-0143;AWS-0342;AWS-0345;AWS-0346,
133,20260903_082120_edd28b2f,False,15,14,1,1,1,0,3,3,0,9,9,0,2,1,1,0,0,0,AWS-0019;AWS-0056;AWS-0058;AWS-0059;AWS-0060;AWS-0061;AWS-0062;AWS-0063;AWS-0123;AWS-0140;AWS-0141;AWS-0342;AWS-0345;AWS-0346,AWS-0143,AWS-0019;AWS-0056;AWS-0058;AWS-0059;AWS-0060;AWS-0061;AWS-0062;AWS-0063;AWS-0123;AWS-0140;AWS-0141;AWS-0342;AWS-0345;AWS-0346;AWS-0143,
134,20260903_164237_577e8a90,False,36,33,3,5,5,0,13,13,0,11,10,1,7,5,2,0,0,0,AWS-0008;AWS-0009;AWS-0019;AWS-0026;AWS-0027;AWS-0028;AWS-0029;AWS-0056;AWS-0058;AWS-0059;AWS-0060;AWS-0061;AWS-0062;AWS-0063;AWS-0099;AWS-0101;AWS-0102;AWS-0104;AWS-0105;AWS-0107;AWS-0122;AWS-0123;AWS-0129;AWS-0130;AWS-0131;AWS-0140;AWS-0141;AWS-0143;AWS-0164;AWS-0342;AWS-0344;AWS-0345;AWS-0346,AWS-0124;AWS-0178,AWS-0008;AWS-0009;AWS-0019;AWS-0026;AWS-0027;AWS-0028;AWS-0029;AWS-0056;AWS-0058;AWS-0059;AWS-0060;AWS-0061;AWS-0062;AWS-0063;AWS-0099;AWS-0101;AWS-0102;AWS-0104;AWS-0105;AWS-0107;AWS-0122;AWS-0123;AWS-0129;AWS-0130;AWS-0131;AWS-0140;AWS-0141;AWS-0143;AWS-0164;AWS-0342;AWS-0344;AWS-0345;AWS-0346;AWS-0124;AWS-0178,
135,20260902_183731_165f0d25,False,38,36,2,6,6,0,14,14,0,11,10,1,7,6,1,0,0,0,AWS-0008;AWS-0009;AWS-0019;AWS-0026;AWS-0027;AWS-0028;AWS-0029;AWS-0035;AWS-0036;AWS-0056;AWS-0058;AWS-0059;AWS-0060;AWS-0061;AWS-0062;AWS-0063;AWS-0099;AWS-0101;AWS-0102;AWS-0104;AWS-0105;AWS-0107;AWS-0122;AWS-0123;AWS-0124;AWS-0129;AWS-0130;AWS-0131;AWS-0140;AWS-0141;AWS-0143;AWS-0164;AWS-0342;AWS-0344;AWS-0345;AWS-0346,AWS-0034;AWS-0178,AWS-0008;AWS-0009;AWS-0019;AWS-0026;AWS-0027;AWS-0028;AWS-0029;AWS-0035;AWS-0036;AWS-0056;AWS-0058;AWS-0059;AWS-0060;AWS-0061;AWS-0062;AWS-0063;AWS-0099;AWS-0101;AWS-0102;AWS-0104;AWS-0105;AWS-0107;AWS-0122;AWS-0123;AWS-0124;AWS-0129;AWS-0130;AWS-0131;AWS-0140;AWS-0141;AWS-0143;AWS-0164;AWS-0342;AWS-0344;AWS-0345;AWS-0346;AWS-0034;AWS-0178,
136,20260903_170011_5ddda5b6,False,36,33,3,5,5,0,13,13,0,11,10,1,7,5,2,0,0,0,AWS-0008;AWS-0009;AWS-0019;AWS-0026;AWS-0027;AWS-0028;AWS-0029;AWS-0056;AWS-0058;AWS-0059;AWS-0060;AWS-0061;AWS-0062;AWS-0063;AWS-0099;AWS-0101;AWS-0102;AWS-0104;AWS-0105;AWS-0107;AWS-0122;AWS-0123;AWS-0129;AWS-0130;AWS-0131;AWS-0140;AWS-0141;AWS-0143;AWS-0164;AWS-0342;AWS-0344;AWS-0345;AWS-0346,AWS-0124;AWS-0178,AWS-0008;AWS-0009;AWS-0019;AWS-0026;AWS-0027;AWS-0028;AWS-0029;AWS-0056;AWS-0058;AWS-0059;AWS-0060;AWS-0061;AWS-0062;AWS-0063;AWS-0099;AWS-0101;AWS-0102;AWS-0104;AWS-0105;AWS-0107;AWS-0122;AWS-0123;AWS-0129;AWS-0130;AWS-0131;AWS-0140;AWS-0141;AWS-0143;AWS-0164;AWS-0342;AWS-0344;AWS-0345;AWS-0346;AWS-0124;AWS-0178,
137,20260903_171445_86ded82c,False,26,25,1,1,1,0,9,9,0,12,11,1,4,4,0,0,0,0,AWS-0019;AWS-0056;AWS-0058;AWS-0059;AWS-0060;AWS-0061;AWS-0062;AWS-0063;AWS-0065;AWS-0086;AWS-0087;AWS-0089;AWS-0091;AWS-0092;AWS-0093;AWS-0094;AWS-0123;AWS-0132;AWS-0140;AWS-0141;AWS-0143;AWS-0320;AWS-0342;AWS-0345;AWS-0346,AWS-0090,AWS-0019;AWS-0056;AWS-0058;AWS-0059;AWS-0060;AWS-0061;AWS-0062;AWS-0063;AWS-0065;AWS-0086;AWS-0087;AWS-0089;AWS-0091;AWS-0092;AWS-0093;AWS-0094;AWS-0123;AWS-0132;AWS-0140;AWS-0141;AWS-0143;AWS-0320;AWS-0342;AWS-0345;AWS-0346;AWS-0090,
138,20260903_172103_01e02672,False,36,35,1,5,5,0,13,13,0,11,11,0,7,6,1,0,0,0,AWS-0008;AWS-0009;AWS-0019;AWS-0026;AWS-0027;AWS-0028;AWS-0029;AWS-0056;AWS-0058;AWS-0059;AWS-0060;AWS-0061;AWS-0062;AWS-0063;AWS-0099;AWS-0101;AWS-0102;AWS-0104;AWS-0105;AWS-0107;AWS-0122;AWS-0123;AWS-0124;AWS-0129;AWS-0130;AWS-0131;AWS-0140;AWS-0141;AWS-0143;AWS-0164;AWS-0178;AWS-0342;AWS-0344;AWS-0345;AWS-0346,AWS-0017,AWS-0008;AWS-0009;AWS-0019;AWS-0026;AWS-0027;AWS-0028;AWS-0029;AWS-0056;AWS-0058;AWS-0059;AWS-0060;AWS-0061;AWS-0062;AWS-0063;AWS-0099;AWS-0101;AWS-0102;AWS-0104;AWS-0105;AWS-0107;AWS-0122;AWS-0123;AWS-0124;AWS-0129;AWS-0130;AWS-0131;AWS-0140;AWS-0141;AWS-0143;AWS-0164;AWS-0178;AWS-0342;AWS-0344;AWS-0345;AWS-0346;AWS-0017,
139,20260903_172347_00290788,True,16,16,0,1,1,0,3,3,0,10,10,0,2,2,0,0,0,0,AWS-0019;AWS-0056;AWS-0058;AWS-0059;AWS-0060;AWS-0061;AWS-0062;AWS-0063;AWS-0065;AWS-0123;AWS-0140;AWS-0141;AWS-0143;AWS-0342;AWS-0345;AWS-0346,,AWS-0019;AWS-0056;AWS-0058;AWS-0059;AWS-0060;AWS-0061;AWS-0062;AWS-0063;AWS-0065;AWS-0123;AWS-0140;AWS-0141;AWS-0143;AWS-0342;AWS-0345;AWS-0346,
140,20260903_172818_9bbb26ed,False,35,34,1,5,5,0,13,13,0,11,10,1,6,6,0,0,0,0,AWS-0008;AWS-0009;AWS-0019;AWS-0026;AWS-0027;AWS-0028;AWS-0029;AWS-0056;AWS-0058;AWS-0059;AWS-0060;AWS-0061;AWS-0062;AWS-0063;AWS-0099;AWS-0101;AWS-0102;AWS-0104;AWS-0105;AWS-0107;AWS-0122;AWS-0123;AWS-0124;AWS-0129;AWS-0130;AWS-0131;AWS-0140;AWS-0141;AWS-0143;AWS-0164;AWS-0342;AWS-0344;AWS-0345;AWS-0346,AWS-0178,AWS-0008;AWS-0009;AWS-0019;AWS-0026;AWS-0027;AWS-0028;AWS-0029;AWS-0056;AWS-0058;AWS-0059;AWS-0060;AWS-0061;AWS-0062;AWS-0063;AWS-0099;AWS-0101;AWS-0102;AWS-0104;AWS-0105;AWS-0107;AWS-0122;AWS-0123;AWS-0124;AWS-0129;AWS-0130;AWS-0131;AWS-0140;AWS-0141;AWS-0143;AWS-0164;AWS-0342;AWS-0344;AWS-0345;AWS-0346;AWS-0178,
141,20260903_173843_622554d3,False,37,33,4,5,5,0,13,13,0,11,10,1,8,5,3,0,0,0,AWS-0008;AWS-0009;AWS-0019;AWS-0026;AWS-0027;AWS-0028;AWS-0029;AWS-0056;AWS-0058;AWS-0059;AWS-0060;AWS-0061;AWS-0062;AWS-0063;AWS-0099;AWS-0101;AWS-0102;AWS-0104;AWS-0105;AWS-0107;AWS-0122;AWS-0123;AWS-0129;AWS-0130;AWS-0131;AWS-0140;AWS-0141;AWS-0143;AWS-0164;AWS-0342;AWS-0344;AWS-0345;AWS-0346,AWS-0124;AWS-0178,AWS-0008;AWS-0009;AWS-0019;AWS-0026;AWS-0027;AWS-0028;AWS-0029;AWS-0056;AWS-0058;AWS-0059;AWS-0060;AWS-0061;AWS-0062;AWS-0063;AWS-0099;AWS-0101;AWS-0102;AWS-0104;AWS-0105;AWS-0107;AWS-0122;AWS-0123;AWS-0129;AWS-0130;AWS-0131;AWS-0140;AWS-0141;AWS-0143;AWS-0164;AWS-0342;AWS-0344;AWS-0345;AWS-0346;AWS-0124;AWS-0178,
142,20260903_175016_59468011,False,36,32,4,5,5,0,13,13,0,11,10,1,7,4,3,0,0,0,AWS-0008;AWS-0009;AWS-0019;AWS-0026;AWS-0028;AWS-0029;AWS-0056;AWS-0058;AWS-0059;AWS-0060;AWS-0061;AWS-0062;AWS-0063;AWS-0099;AWS-0101;AWS-0102;AWS-0104;AWS-0105;AWS-0107;AWS-0122;AWS-0123;AWS-0129;AWS-0130;AWS-0131;AWS-0140;AWS-0141;AWS-0143;AWS-0164;AWS-0342;AWS-0344;AWS-0345;AWS-0346,AWS-0027;AWS-0124;AWS-0178,AWS-0008;AWS-0009;AWS-0019;AWS-0026;AWS-0028;AWS-0029;AWS-0056;AWS-0058;AWS-0059;AWS-0060;AWS-0061;AWS-0062;AWS-0063;AWS-0099;AWS-0101;AWS-0102;AWS-0104;AWS-0105;AWS-0107;AWS-0122;AWS-0123;AWS-0129;AWS-0130;AWS-0131;AWS-0140;AWS-0141;AWS-0143;AWS-0164;AWS-0342;AWS-0344;AWS-0345;AWS-0346;AWS-0027;AWS-0124;AWS-0178,
143,20260907_153158_26e50723,False,35,34,1,5,5,0,13,13,0,11,10,1,6,6,0,0,0,0,AWS-0008;AWS-0009;AWS-0019;AWS-0026;AWS-0027;AWS-0028;AWS-0029;AWS-0056;AWS-0058;AWS-0059;AWS-0060;AWS-0061;AWS-0062;AWS-0063;AWS-0099;AWS-0101;AWS-0102;AWS-0104;AWS-0105;AWS-0107;AWS-0122;AWS-0123;AWS-0124;AWS-0129;AWS-0130;AWS-0131;AWS-0140;AWS-0141;AWS-0143;AWS-0164;AWS-0342;AWS-0344;AWS-0345;AWS-0346,AWS-0178,AWS-0008;AWS-0009;AWS-0019;AWS-0026;AWS-0027;AWS-0028;AWS-0029;AWS-0056;AWS-0058;AWS-0059;AWS-0060;AWS-0061;AWS-0062;AWS-0063;AWS-0099;AWS-0101;AWS-0102;AWS-0104;AWS-0105;AWS-0107;AWS-0122;AWS-0123;AWS-0124;AWS-0129;AWS-0130;AWS-0131;AWS-0140;AWS-0141;AWS-0143;AWS-0164;AWS-0342;AWS-0344;AWS-0345;AWS-0346;AWS-0178,
144,20260903_190301_99951af2,False,36,34,2,5,5,0,13,13,0,11,11,0,7,5,2,0,0,0,AWS-0008;AWS-0009;AWS-0019;AWS-0026;AWS-0027;AWS-0028;AWS-0029;AWS-0056;AWS-0058;AWS-0059;AWS-0060;AWS-0061;AWS-0062;AWS-0063;AWS-0099;AWS-0101;AWS-0102;AWS-0104;AWS-0105;AWS-0107;AWS-0122;AWS-0123;AWS-0129;AWS-0130;AWS-0131;AWS-0140;AWS-0141;AWS-0143;AWS-0164;AWS-0178;AWS-0342;AWS-0344;AWS-0345;AWS-0346,AWS-0124,AWS-0008;AWS-0009;AWS-0019;AWS-0026;AWS-0027;AWS-0028;AWS-0029;AWS-0056;AWS-0058;AWS-0059;AWS-0060;AWS-0061;AWS-0062;AWS-0063;AWS-0099;AWS-0101;AWS-0102;AWS-0104;AWS-0105;AWS-0107;AWS-0122;AWS-0123;AWS-0129;AWS-0130;AWS-0131;AWS-0140;AWS-0141;AWS-0143;AWS-0164;AWS-0178;AWS-0342;AWS-0344;AWS-0345;AWS-0346;AWS-0124,
145,20260903_193820_49fa8044,False,48,38,10,6,6,0,17,17,0,11,10,1,14,5,9,0,0,0,AWS-0008;AWS-0009;AWS-0019;AWS-0026;AWS-0027;AWS-0028;AWS-0029;AWS-0030;AWS-0031;AWS-0032;AWS-0035;AWS-0036;AWS-0056;AWS-0058;AWS-0059;AWS-0060;AWS-0061;AWS-0062;AWS-0063;AWS-0099;AWS-0101;AWS-0102;AWS-0104;AWS-0105;AWS-0107;AWS-0122;AWS-0123;AWS-0129;AWS-0130;AWS-0131;AWS-0140;AWS-0141;AWS-0143;AWS-0164;AWS-0342;AWS-0344;AWS-0345;AWS-0346,AWS-0017;AWS-0033;AWS-0034;AWS-0124;AWS-0178,AWS-0008;AWS-0009;AWS-0019;AWS-0026;AWS-0027;AWS-0028;AWS-0029;AWS-0030;AWS-0031;AWS-0032;AWS-0035;AWS-0036;AWS-0056;AWS-0058;AWS-0059;AWS-0060;AWS-0061;AWS-0062;AWS-0063;AWS-0099;AWS-0101;AWS-0102;AWS-0104;AWS-0105;AWS-0107;AWS-0122;AWS-0123;AWS-0129;AWS-0130;AWS-0131;AWS-0140;AWS-0141;AWS-0143;AWS-0164;AWS-0342;AWS-0344;AWS-0345;AWS-0346;AWS-0017;AWS-0033;AWS-0034;AWS-0124;AWS-0178,
146,20260903_203645_549d7d4b,False,35,34,1,5,5,0,13,13,0,11,10,1,6,6,0,0,0,0,AWS-0008;AWS-0009;AWS-0019;AWS-0026;AWS-0027;AWS-0028;AWS-0029;AWS-0056;AWS-0058;AWS-0059;AWS-0060;AWS-0061;AWS-0062;AWS-0063;AWS-0099;AWS-0101;AWS-0102;AWS-0104;AWS-0105;AWS-0107;AWS-0122;AWS-0123;AWS-0124;AWS-0129;AWS-0130;AWS-0131;AWS-0140;AWS-0141;AWS-0143;AWS-0164;AWS-0342;AWS-0344;AWS-0345;AWS-0346,AWS-0178,AWS-0008;AWS-0009;AWS-0019;AWS-0026;AWS-0027;AWS-0028;AWS-0029;AWS-0056;AWS-0058;AWS-0059;AWS-0060;AWS-0061;AWS-0062;AWS-0063;AWS-0099;AWS-0101;AWS-0102;AWS-0104;AWS-0105;AWS-0107;AWS-0122;AWS-0123;AWS-0124;AWS-0129;AWS-0130;AWS-0131;AWS-0140;AWS-0141;AWS-0143;AWS-0164;AWS-0342;AWS-0344;AWS-0345;AWS-0346;AWS-0178,
147,20260907_121305_7eb7ccbe,False,50,37,13,7,7,0,14,14,0,17,11,6,12,5,7,0,0,0,AWS-0008;AWS-0009;AWS-0019;AWS-0026;AWS-0027;AWS-0028;AWS-0029;AWS-0039;AWS-0040;AWS-0041;AWS-0056;AWS-0058;AWS-0059;AWS-0060;AWS-0061;AWS-0062;AWS-0063;AWS-0065;AWS-0099;AWS-0101;AWS-0102;AWS-0104;AWS-0105;AWS-0107;AWS-0122;AWS-0123;AWS-0129;AWS-0130;AWS-0131;AWS-0140;AWS-0141;AWS-0143;AWS-0164;AWS-0342;AWS-0344;AWS-0345;AWS-0346,AWS-0038;AWS-0124;AWS-0178,AWS-0008;AWS-0009;AWS-0019;AWS-0026;AWS-0027;AWS-0028;AWS-0029;AWS-0039;AWS-0040;AWS-0041;AWS-0056;AWS-0058;AWS-0059;AWS-0060;AWS-0061;AWS-0062;AWS-0063;AWS-0065;AWS-0099;AWS-0101;AWS-0102;AWS-0104;AWS-0105;AWS-0107;AWS-0122;AWS-0123;AWS-0129;AWS-0130;AWS-0131;AWS-0140;AWS-0141;AWS-0143;AWS-0164;AWS-0342;AWS-0344;AWS-0345;AWS-0346;AWS-0038;AWS-0124;AWS-0178,
148,20260903_210756_0da6cda6,False,27,25,2,1,1,0,9,9,0,12,12,0,5,3,2,0,0,0,AWS-0019;AWS-0056;AWS-0058;AWS-0059;AWS-0060;AWS-0061;AWS-0062;AWS-0063;AWS-0065;AWS-0086;AWS-0087;AWS-0090;AWS-0091;AWS-0092;AWS-0093;AWS-0094;AWS-0123;AWS-0132;AWS-0140;AWS-0141;AWS-0143;AWS-0320;AWS-0342;AWS-0345;AWS-0346,AWS-0089,AWS-0019;AWS-0056;AWS-0058;AWS-0059;AWS-0060;AWS-0061;AWS-0062;AWS-0063;AWS-0065;AWS-0086;AWS-0087;AWS-0090;AWS-0091;AWS-0092;AWS-0093;AWS-0094;AWS-0123;AWS-0132;AWS-0140;AWS-0141;AWS-0143;AWS-0320;AWS-0342;AWS-0345;AWS-0346;AWS-0089,
149,20260903_212512_fbf444e7,False,74,54,20,7,7,0,25,25,0,24,14,10,18,8,10,0,0,0,AWS-0008;AWS-0009;AWS-0019;AWS-0026;AWS-0027;AWS-0028;AWS-0029;AWS-0039;AWS-0040;AWS-0041;AWS-0045;AWS-0049;AWS-0051;AWS-0056;AWS-0058;AWS-0059;AWS-0060;AWS-0061;AWS-0062;AWS-0063;AWS-0065;AWS-0078;AWS-0079;AWS-0080;AWS-0086;AWS-0087;AWS-0090;AWS-0091;AWS-0092;AWS-0093;AWS-0094;AWS-0099;AWS-0101;AWS-0102;AWS-0104;AWS-0105;AWS-0107;AWS-0122;AWS-0123;AWS-0129;AWS-0130;AWS-0131;AWS-0132;AWS-0140;AWS-0141;AWS-0143;AWS-0164;AWS-0180;AWS-0320;AWS-0342;AWS-0343;AWS-0344;AWS-0345;AWS-0346,AWS-0038;AWS-0050;AWS-0077;AWS-0089;AWS-0098;AWS-0124;AWS-0133;AWS-0176;AWS-0177;AWS-0178,AWS-0008;AWS-0009;AWS-0019;AWS-0026;AWS-0027;AWS-0028;AWS-0029;AWS-0039;AWS-0040;AWS-0041;AWS-0045;AWS-0049;AWS-0051;AWS-0056;AWS-0058;AWS-0059;AWS-0060;AWS-0061;AWS-0062;AWS-0063;AWS-0065;AWS-0078;AWS-0079;AWS-0080;AWS-0086;AWS-0087;AWS-0090;AWS-0091;AWS-0092;AWS-0093;AWS-0094;AWS-0099;AWS-0101;AWS-0102;AWS-0104;AWS-0105;AWS-0107;AWS-0122;AWS-0123;AWS-0129;AWS-0130;AWS-0131;AWS-0132;AWS-0140;AWS-0141;AWS-0143;AWS-0164;AWS-0180;AWS-0320;AWS-0342;AWS-0343;AWS-0344;AWS-0345;AWS-0346;AWS-0038;AWS-0050;AWS-0077;AWS-0089;AWS-0098;AWS-0124;AWS-0133;AWS-0176;AWS-0177;AWS-0178,
